members,C_s,C_s_over_C_N
Int64[],0.0,0.0
[1],111.72243170774404,0.605529536158121
[2],80.82269183803015,0.4380546176058648
[3],26.698329192307515,0.14470349995876614
[4],98.04519398328448,0.5313996475706505
[5],74.70674153142359,0.4049064977903802
[6],128.31033017832752,0.6954350485354908
[7],60.12650320312427,0.3258823947785051
[8],89.75728002531147,0.48647960225855097
[9],74.26825352614212,0.40252991652204945
[10],74.10666796415839,0.40165413151717405
"[1, 2]",120.94893167393214,0.6555366668613238
"[1, 3]",116.51496563960677,0.6315048108135665
"[1, 4]",135.2978698440573,0.7333071355282279
"[1, 5]",130.98238038676888,0.7099174161189432
"[1, 6]",128.47121183398795,0.6963070184061722
"[1, 7]",121.61237657190073,0.6591325023188288
"[1, 8]",130.75611951831502,0.7086910944516526
"[1, 9]",116.6312332359809,0.6321349748963427
"[1, 10]",130.05189853992846,0.7048742548440908
"[2, 3]",82.15027490054585,0.4452500459882277
"[2, 4]",132.27947325558844,0.71694758930086
"[2, 5]",119.97426090594233,0.6502540040242704
"[2, 6]",136.92594578511296,0.7421312190569191
"[2, 7]",83.0118368711631,0.44991966526221616
"[2, 8]",93.3476787324784,0.5059393690264345
"[2, 9]",105.24129876481064,0.570402146208538
"[2, 10]",118.94151015320517,0.6446565508117609
"[3, 4]",110.32225844575675,0.5979406728214363
"[3, 5]",89.68329169712837,0.4860785895222454
"[3, 6]",133.26339259067092,0.7222803788712485
"[3, 7]",60.461686123661146,0.3276990680758762
"[3, 8]",90.1874315035739,0.4888110000014084
"[3, 9]",83.72561440999604,0.45378830091042893
"[3, 10]",88.8706010459153,0.4816738501557017
"[4, 5]",99.97011419729623,0.5418326110007791
"[4, 6]",147.02973310286055,0.7968931997481425
"[4, 7]",125.9781947786578,0.6827950008276672
"[4, 8]",144.67709824632556,0.7841420460930407
"[4, 9]",102.28680060288434,0.5543889259964037
"[4, 10]",99.54590891693078,0.5395334413288598
"[5, 6]",144.82269174223126,0.7849311549648745
"[5, 7]",109.8897174535681,0.5955963240423611
"[5, 8]",132.44497876170283,0.7178446201908716
"[5, 9]",89.99300605028364,0.48775722456214693
"[5, 10]",75.14194947436198,0.4072653012982486
"[6, 7]",138.06493199440558,0.748304462697083
"[6, 8]",145.83358445842072,0.7904101388017202
"[6, 9]",131.78230627190513,0.7142529711438689
"[6, 10]",143.9597719811441,0.7802541765399896
"[7, 8]",89.85243358607698,0.48699532941050605
"[7, 9]",97.96179416325188,0.5309476250576415
"[7, 10]",108.90760758272069,0.5902733416702425
"[8, 9]",117.76287665979727,0.638268421036438
"[8, 10]",131.41361711971246,0.7122546958834648
"[9, 10]",88.97401014299915,0.4822343218679136
"[1, 2, 3]",122.27651473644785,0.6627320952436868
"[1, 2, 4]",144.52436981024542,0.7833142662314309
"[1, 2, 5]",140.20888035295698,0.7599245468221459
"[1, 2, 6]",137.0868274407734,0.7430031889276005
"[1, 2, 7]",123.13807670706508,0.6674017145176752
"[1, 2, 8]",133.4739185683804,0.7234214182818938
"[1, 2, 9]",125.85773320216902,0.6821421055995456
"[1, 2, 10]",139.27839850611656,0.7548813855472936
"[1, 3, 4]",140.09040377592,0.7592824101836733
"[1, 3, 5]",135.7749143186316,0.7358926907743886
"[1, 3, 6]",133.26374576585067,0.7222822930616175
"[1, 3, 7]",121.9475594924376,0.6609491756161999
"[1, 3, 8]",131.18627099657743,0.71102249219451
"[1, 3, 9]",121.42376716784362,0.6581102495517881
"[1, 3, 10]",134.8444324717912,0.7308495294995363
"[1, 4, 5]",137.22279005806905,0.7437400989583565
"[1, 4, 6]",147.19061475852098,0.7977651696188239
"[1, 4, 7]",145.18781470821398,0.7869101016889357
"[1, 4, 8]",154.33155765462826,0.8364686938217594
"[1, 4, 9]",139.53947646365714,0.756296413953981
"[1, 4, 10]",136.7985847777036,0.7414409292864373
"[1, 5, 6]",144.98357339789166,0.7858031248355557
"[1, 5, 7]",140.87232525092554,0.7635203822796508
"[1, 5, 8]",150.01606819733985,0.8130789744124746
"[1, 5, 9]",132.35598576012242,0.7173622829364403
"[1, 5, 10]",131.08718005013205,0.7104854246251654
"[1, 6, 7]",138.22581365006602,0.7491764325677643
"[1, 6, 8]",145.99446611408115,0.7912821086724016
"[1, 6, 9]",131.94318792756556,0.7151249410145503
"[1, 6, 10]",144.12065363680452,0.781126146410671
"[1, 7, 8]",130.85127307908056,0.7092068216036078
"[1, 7, 9]",126.52117810013759,0.6857379410570505
"[1, 7, 10]",139.94184340408515,0.7584772210047986
"[1, 8, 9]",135.66492104655185,0.7352965331898741
"[1, 8, 10]",149.08558635049945,0.8080358131376224
"[1, 9, 10]",131.33698985283795,0.711839380242207
"[2, 3, 4]",133.60705631810413,0.7241430176832229
"[2, 3, 5]",121.30184396845803,0.6574494324066332
"[2, 3, 6]",138.25352884762867,0.7493266474392822
"[2, 3, 7]",83.34701979169996,0.45173633855958717
"[2, 3, 8]",93.77783021074083,0.5082707667692921
"[2, 3, 9]",106.56888182732632,0.577597574590901
"[2, 3, 10]",120.26909321572087,0.6518519791941239
"[2, 4, 5]",134.20439346960018,0.7273805527309884
"[2, 4, 6]",155.64534870964602,0.8435893702695711
"[2, 4, 7]",134.4686182887214,0.7288126369572113
"[2, 4, 8]",144.80446015003668,0.7848323407214297
"[2, 4, 9]",133.25984584155287,0.7222611556828924
"[2, 4, 10]",133.78018818923476,0.7250813830590693
"[2, 5, 6]",153.4383073490167,0.8316273254863029
"[2, 5, 7]",122.16340593907528,0.6621190516806217
"[2, 5, 8]",132.4992478003906,0.7181387554448403
"[2, 5, 9]",120.96605128895214,0.6556294542486355
"[2, 5, 10]",119.97679166340875,0.6502677205928353
"[2, 6, 7]",139.1150908182459,0.7539962667132706
"[2, 6, 8]",149.42398316558763,0.8098699055696037
"[2, 6, 9]",140.3979218786906,0.7609491416652974
"[2, 6, 10]",152.57538758792955,0.8269503470614182
"[2, 7, 8]",93.44283229324392,0.5064550961783898
"[2, 7, 9]",107.43044379794358,0.5822671938648895
"[2, 7, 10]",121.1306551863381,0.6565215984681122
"[2, 8, 9]",117.76628565925887,0.6382868976291078
"[2, 8, 10]",131.46649704765343,0.7125413022323307
"[2, 9, 10]",119.94705538166768,0.6501065515544023
"[3, 4, 5]",112.2471786597685,0.6083736362515648
"[3, 4, 6]",151.98279551520395,0.8237385300839003
"[3, 4, 7]",126.31337769919466,0.6846116741250382
"[3, 4, 8]",145.10724972458797,0.7864734438358981
"[3, 4, 9]",111.74416148673826,0.6056473103847831
"[3, 4, 10]",111.82297337940307,0.6060744665796457
"[3, 5, 6]",149.77575415457466,0.8117764853006322
"[3, 5, 7]",110.22490037410498,0.5974129973397321
"[3, 5, 8]",132.87513023996524,0.720176017933729
"[3, 5, 9]",99.45036693413755,0.5390156089505264
"[3, 5, 10]",89.90588255611888,0.48728501993677625
"[3, 6, 7]",138.40011491494244,0.7501211359944538
"[3, 6, 8]",146.26373593668313,0.7927415365445776
"[3, 6, 9]",136.73536868424853,0.7410983014796266
"[3, 6, 10]",148.9128343934875,0.8070995068757474
"[3, 7, 8]",90.18761650661386,0.4888120027078771
"[3, 7, 9]",98.29697708378873,0.5327642983550125
"[3, 7, 10]",109.24279050325757,0.5920900149676135
"[3, 8, 9]",118.1930281380597,0.6405998187792954
"[3, 8, 10]",131.8437685979749,0.7145860936263224
"[3, 9, 10]",98.43137102685307,0.5334927062562931
"[4, 5, 6]",148.9546533168723,0.8073261631782711
"[4, 5, 7]",127.90311499266954,0.6932279642577958
"[4, 5, 8]",146.60201846033732,0.7945750095231694
"[4, 5, 9]",104.21172081689609,0.5648218894265322
"[4, 5, 10]",100.4053221402346,0.5441914145086474
"[4, 6, 7]",156.7843349189386,0.8497626139097347
"[4, 6, 8]",164.55298738295375,0.891868290014372
"[4, 6, 9]",150.50170919643816,0.8157111223565207
"[4, 6, 10]",148.53044803650687,0.805026993506352
"[4, 7, 8]",144.7722518070911,0.784657773244996
"[4, 7, 9]",125.98034123999409,0.6828066345319956
"[4, 7, 10]",127.4789097123041,0.6909287945858765
"[4, 8, 9]",145.7814237365395,0.7901274305107923
"[4, 8, 10]",146.17781317997188,0.7922758398512502
"[4, 9, 10]",103.78751553653065,0.562522719754613
"[5, 6, 7]",154.5772935583093,0.8378005691264665
"[5, 6, 8]",162.34594602232445,0.879906245231104
"[5, 6, 9]",147.50705879604666,0.7994802791839665
"[5, 6, 10]",144.99505349134768,0.7858653463210642
"[5, 7, 8]",132.54013232246834,0.7183603473428267
"[5, 7, 9]",113.68654668739339,0.616174933097739
"[5, 7, 10]",109.94288909292428,0.595884511451317
"[5, 8, 9]",133.4876291839388,0.7234957290765355
"[5, 8, 10]",132.44889862991604,0.7178658656645394
"[5, 9, 10]",90.00929165320274,0.4878454916489881
"[6, 7, 8]",145.92873801918623,0.7909258659536753
"[6, 7, 9]",141.5369080879832,0.767122385305461
"[6, 7, 10]",153.71437379722215,0.8331235907015818
"[6, 8, 9]",149.30556055199833,0.8092280614100983
"[6, 8, 10]",161.48302626123728,0.875229266806219
"[6, 9, 10]",146.4880628887622,0.7939573764897332
"[7, 8, 9]",117.8580302205628,0.6387841481883931
"[7, 8, 10]",131.50877068047797,0.7127704230354199
"[7, 9, 10]",112.6675507801089,0.6106520304035056
"[8, 9, 10]",132.46863327665432,0.7179728263823022
"[1, 2, 3, 4]",145.8519528727611,0.7905096946137937
"[1, 2, 3, 5]",141.53646341547267,0.7671199752045088
"[1, 2, 3, 6]",138.4144105032891,0.7501986173099636
"[1, 2, 3, 7]",123.47325962760196,0.6692183878150463
"[1, 2, 3, 8]",133.90407004664283,0.7257528160247512
"[1, 2, 3, 9]",127.18531626468472,0.6893375339819086
"[1, 2, 3, 10]",140.60598156863227,0.7620768139296566
"[1, 2, 4, 5]",146.44929002425715,0.7937472296615593
"[1, 2, 4, 6]",156.41711472470908,0.8477723003220267
"[1, 2, 4, 7]",146.71351484337833,0.7951793138877821
"[1, 2, 4, 8]",157.04935670469365,0.8511990176520006
"[1, 2, 4, 9]",148.7659764298453,0.806303544657184
"[1, 2, 4, 10]",146.0250847438917,0.7914480599896401
"[1, 2, 5, 6]",154.21007336407976,0.8358102555387584
"[1, 2, 5, 7]",142.39802538608993,0.7717895944784973
"[1, 2, 5, 8]",152.73386724740524,0.8278092982427159
"[1, 2, 5, 9]",141.58248572631052,0.7673694136396431
"[1, 2, 5, 10]",140.31368001632015,0.7604925553283681
"[1, 2, 6, 7]",139.27597247390634,0.754868236583952
"[1, 2, 6, 8]",149.58486482124806,0.8107418754402851
"[1, 2, 6, 9]",141.16968789375366,0.765132071717753
"[1, 2, 6, 10]",153.34715360299262,0.8311332771138737
"[1, 2, 7, 8]",133.56907212914592,0.7239371454338489
"[1, 2, 7, 9]",128.04687823530196,0.694007153255897
"[1, 2, 7, 10]",141.4675435392495,0.766746433203645
"[1, 2, 8, 9]",138.38272009661725,0.7500268570201154
"[1, 2, 8, 10]",151.80338540056482,0.8227661369678635
"[1, 2, 9, 10]",140.56348981902605,0.7618465109454098
"[1, 3, 4, 5]",142.01532398993177,0.7697153736138019
"[1, 3, 4, 6]",151.9831486903837,0.8237404442742693
"[1, 3, 4, 7]",145.52299762875086,0.7887267749863068
"[1, 3, 4, 8]",154.7617091328907,0.8388000915646169
"[1, 3, 4, 9]",144.3320103955199,0.7822716886094265
"[1, 3, 4, 10]",141.59111870956633,0.7674162039418827
"[1, 3, 5, 6]",149.77610732975438,0.8117783994910011
"[1, 3, 5, 7]",141.20750817146245,0.765337055577022
"[1, 3, 5, 8]",150.44621967560226,0.815410372155332
"[1, 3, 5, 9]",137.14851969198514,0.7433375575918857
"[1, 3, 5, 10]",135.87971398199477,0.7364606992806108
"[1, 3, 6, 7]",138.56099657060287,0.7509931058651352
"[1, 3, 6, 8]",146.42461759234357,0.793613506415259
"[1, 3, 6, 9]",136.73572185942828,0.7411002156699956
"[1, 3, 6, 10]",148.91318756866724,0.8071014210661164
"[1, 3, 7, 8]",131.1864559996174,0.7110234949009787
"[1, 3, 7, 9]",126.85636102067447,0.6875546143544217
"[1, 3, 7, 10]",140.27702632462203,0.7602938943021696
"[1, 3, 8, 9]",136.0950725248143,0.7376279309327316
"[1, 3, 8, 10]",149.51573782876187,0.8103672108804798
"[1, 3, 9, 10]",136.12952378470067,0.7378146548976524
"[1, 4, 5, 6]",149.1155349725327,0.8081981330489524
"[1, 4, 5, 7]",147.1127349222257,0.7973430651190642
"[1, 4, 5, 8]",156.25647786864002,0.8469016572518879
"[1, 4, 5, 9]",142.13159158630592,0.7703455376965782
"[1, 4, 5, 10]",137.65799800100743,0.7460989024662248
"[1, 4, 6, 7]",157.08055962267764,0.8513681357795316
"[1, 4, 6, 8]",166.22430256909195,0.9009267279123554
"[1, 4, 6, 9]",151.43222137812086,0.8207544480445772
"[1, 4, 6, 10]",148.6913296921673,0.8058989633770334
"[1, 4, 7, 8]",154.4267112153938,0.8369844209737146
"[1, 4, 7, 9]",149.42942132781383,0.8098993801146888
"[1, 4, 7, 10]",146.68852964186027,0.7950438954471449
"[1, 4, 8, 9]",158.57316427422813,0.8594579722475126
"[1, 4, 8, 10]",155.83227258827458,0.8446024875799687
"[1, 4, 9, 10]",141.70738630594047,0.768046368024659
"[1, 5, 6, 7]",154.87351826204838,0.8394060909962636
"[1, 5, 6, 8]",164.01726120846266,0.8889646831290873
"[1, 5, 6, 9]",147.66794045170707,0.8003522490546476
"[1, 5, 6, 10]",145.15593514700808,0.7867373161917454
"[1, 5, 7, 8]",150.11122175810536,0.8135947015644297
"[1, 5, 7, 9]",142.2459306242791,0.7709652490971481
"[1, 5, 7, 10]",140.97712491428874,0.7640883907858731
"[1, 5, 8, 9]",151.38967357069342,0.8205238412299719
"[1, 5, 8, 10]",150.12086786070304,0.813646982918697
"[1, 5, 9, 10]",132.37227136304153,0.7174505500232815
"[1, 6, 7, 8]",146.08961967484666,0.7917978358243567
"[1, 6, 7, 9]",141.83313279172222,0.7687279071752579
"[1, 6, 7, 10]",154.0105985009612,0.8347291125713788
"[1, 6, 8, 9]",150.90326764231799,0.8178875474106232
"[1, 6, 8, 10]",163.1543414473755,0.8842877047042025
"[1, 6, 9, 10]",146.64894454442262,0.7948293463604146
"[1, 7, 8, 9]",135.76007460731742,0.7358122603418296
"[1, 7, 8, 10]",149.18073991126494,0.8085515402895773
"[1, 7, 9, 10]",141.22693471699463,0.7654423464029148
"[1, 8, 9, 10]",150.37067766340894,0.8150009385357386
"[2, 3, 4, 5]",135.5319765321159,0.7345759811133514
"[2, 3, 4, 6]",156.9729317721617,0.850784798651934
"[2, 3, 4, 7]",134.80380120925824,0.7306293102545823
"[2, 3, 4, 8]",145.2346116282991,0.7871637384642871
"[2, 3, 4, 9]",134.58742890406853,0.7294565840652552
"[2, 3, 4, 10]",135.10777125175045,0.7322768114414323
"[2, 3, 5, 6]",154.7658904115324,0.8388227538686659
"[2, 3, 5, 7]",122.49858885961214,0.6639357249779927
"[2, 3, 5, 8]",132.929399278653,0.7204701531876975
"[2, 3, 5, 9]",122.29363435146786,0.6628248826309986
"[2, 3, 5, 10]",121.30437472592445,0.6574631489751983
"[2, 3, 6, 7]",139.45027373878278,0.7558129400106416
"[2, 3, 6, 8]",149.88108415782364,0.8123473682203465
"[2, 3, 6, 9]",141.72550494120628,0.7681445700476603
"[2, 3, 6, 10]",153.90297065044524,0.8341457754437811
"[2, 3, 7, 8]",93.7780152137808,0.5082717694757608
"[2, 3, 7, 9]",107.76562671848045,0.5840838671622605
"[2, 3, 7, 10]",121.46583810687498,0.6583382717654832
"[2, 3, 8, 9]",118.19643713752133,0.6406182953719655
"[2, 3, 8, 10]",131.89664852591585,0.7148726999751881
"[2, 3, 9, 10]",121.27463844418337,0.6573019799367652
"[2, 4, 5, 6]",157.57026892365775,0.8540223336996996
"[2, 4, 5, 7]",136.39353850273312,0.7392456003873398
"[2, 4, 5, 8]",146.72938036404844,0.7952653041515584
"[2, 4, 5, 9]",135.18476605556458,0.7326941191130207
"[2, 4, 5, 10]",134.63960141253858,0.7297393562388569
"[2, 4, 6, 7]",157.83449374277893,0.8554544179259224
"[2, 4, 6, 8]",168.14338609012069,0.9113280567822557
"[2, 4, 6, 9]",159.8869553292459,0.8665786486953243
"[2, 4, 6, 10]",157.1460636432923,0.8517231640277804
"[2, 4, 7, 8]",144.8996137108022,0.785348067873385
"[2, 4, 7, 9]",135.44899087468582,0.7341262033392438
"[2, 4, 7, 10]",135.96933322236768,0.7369464307154207
"[2, 4, 8, 9]",145.78483273600108,0.790145907103462
"[2, 4, 8, 10]",146.305175083683,0.7929661344796392
"[2, 4, 9, 10]",134.7605607751992,0.7303949494411017
"[2, 5, 6, 7]",155.62745238214964,0.8434923731426542
"[2, 5, 6, 8]",165.93634472949137,0.8993660119989875
"[2, 5, 6, 9]",156.1226744028321,0.8461764497053949
"[2, 5, 6, 10]",153.61066909813312,0.8325615168424926
"[2, 5, 7, 8]",132.59440136115612,0.7186544825967954
"[2, 5, 7, 9]",123.15519632208509,0.6674945019049869
"[2, 5, 7, 10]",122.16593669654169,0.6621327682491867
"[2, 5, 8, 9]",133.4910381834004,0.7235142056692054
"[2, 5, 8, 10]",132.50177855785702,0.7181524720134053
"[2, 5, 9, 10]",120.98233689187124,0.6557177213354767
"[2, 6, 7, 8]",149.54608624032673,0.8105316976294441
"[2, 6, 7, 9]",142.5870669118235,0.7728141893216487
"[2, 6, 7, 10]",154.76453262106247,0.8388153947177694
"[2, 6, 8, 9]",152.89595925916527,0.828687828177982
"[2, 6, 8, 10]",165.0734249684042,0.8946890335741027
"[2, 6, 9, 10]",155.10367849554765,0.8406535470111617
"[2, 7, 8, 9]",117.86143922002441,0.6388026247810631
"[2, 7, 8, 10]",131.56165060841894,0.7130570293842858
"[2, 7, 9, 10]",122.1362004148006,0.6619715992107535
"[2, 8, 9, 10]",132.47204227611593,0.7179913029749722
"[3, 4, 5, 6]",153.9077157292157,0.8341714935140289
"[3, 4, 5, 7]",128.23829791320642,0.6950446375551668
"[3, 4, 5, 8]",147.03216993859974,0.7969064072660267
"[3, 4, 5, 9]",113.66908170075,0.6160802738149116
"[3, 4, 5, 10]",112.68238660270688,0.6107324397594331
"[3, 4, 6, 7]",157.11951783947546,0.8515792872071056
"[3, 4, 6, 8]",164.98313886121616,0.8941996877572294
"[3, 4, 6, 9]",156.22440213480382,0.8467278085096536
"[3, 4, 6, 10]",153.48351044885027,0.8318723238421096
"[3, 4, 7, 8]",145.10743472762795,0.786474446542367
"[3, 4, 7, 9]",126.31552416053097,0.6846233078293668
"[3, 4, 7, 10]",127.81409263284098,0.6927454678832475
"[3, 4, 8, 9]",146.21157521480194,0.7924588282536498
"[3, 4, 8, 10]",146.60796465823432,0.7946072375941077
"[3, 4, 9, 10]",113.24487642038457,0.6137811041429925
"[3, 5, 6, 7]",154.9124764788462,0.8396172424238377
"[3, 5, 6, 8]",162.77609750058687,0.8822376429739613
"[3, 5, 6, 9]",152.46012120839006,0.8263256095197242
"[3, 5, 6, 10]",149.94811590369108,0.812710676656822
"[3, 5, 7, 8]",132.87531524300522,0.7201770206401977
"[3, 5, 7, 9]",114.02172960793027,0.6179916063951101
"[3, 5, 7, 10]",110.27807201346116,0.597701184748688
"[3, 5, 8, 9]",133.9177806622012,0.7258271268193929
"[3, 5, 8, 10]",132.87905010817846,0.7201972634073968
"[3, 5, 9, 10]",99.46665253705665,0.5391038760373675
"[3, 6, 7, 8]",146.2639209397231,0.7927425392510463
"[3, 6, 7, 9]",141.87209100852004,0.768939058602832
"[3, 6, 7, 10]",154.04955671775903,0.8349402639989528
"[3, 6, 8, 9]",149.73571203026074,0.8115594591529557
"[3, 6, 8, 10]",161.9131777394997,0.8775606645490764
"[3, 6, 9, 10]",151.4411253011056,0.8208027068254908
"[3, 7, 8, 9]",118.19321314109966,0.6406008214857641
"[3, 7, 8, 10]",131.84395360101485,0.714587096332791
"[3, 7, 9, 10]",113.00273370064578,0.6124687037008767
"[3, 8, 9, 10]",132.89878475491676,0.7203042241251597
"[4, 5, 6, 7]",158.70925513295037,0.8601955773398633
"[4, 5, 6, 8]",166.4779075969655,0.9023012534445006
"[4, 5, 6, 9]",152.42662941044992,0.8261440857866492
"[4, 5, 6, 10]",149.3898612598107,0.8096849666861394
"[4, 5, 7, 8]",146.69717202110283,0.7950907366751244
"[4, 5, 7, 9]",127.90526145400585,0.6932395979621243
"[4, 5, 7, 10]",128.33832293560792,0.6955867677656641
"[4, 5, 8, 9]",147.70634395055126,0.8005603939409208
"[4, 5, 8, 10]",147.0372264032757,0.7969338130310377
"[4, 5, 9, 10]",104.64692875983447,0.5671806929344005
"[4, 6, 7, 8]",164.64814094371926,0.8923840171663271
"[4, 6, 7, 9]",161.02594153853846,0.8727518923354878
"[4, 6, 7, 10]",158.2850498525849,0.857896407667944
"[4, 6, 8, 9]",168.7945940025536,0.9148575684401251
"[4, 6, 8, 10]",166.05370231660007,0.9000020837725814
"[4, 6, 9, 10]",152.00242413008448,0.82384491611473
"[4, 7, 8, 9]",145.876577297305,0.7906431576627474
"[4, 7, 8, 10]",146.2729667407374,0.7927915670032052
"[4, 7, 9, 10]",127.48105617364041,0.6909404282902051
"[4, 8, 9, 10]",147.28213867018582,0.7982612242690016
"[5, 6, 7, 8]",162.44109958308997,0.880421972383059
"[5, 6, 7, 9]",157.26166061212473,0.8523496933455585
"[5, 6, 7, 10]",154.74965530742574,0.8387347604826564
"[5, 6, 8, 9]",165.03031307613986,0.8944553694501959
"[5, 6, 8, 10]",162.51830777144087,0.8808404365872936
"[5, 6, 9, 10]",147.52334439896578,0.7995685462708078
"[5, 7, 8, 9]",133.58278274470433,0.7240114562284907
"[5, 7, 8, 10]",132.54405219068155,0.7183815928164945
"[5, 7, 9, 10]",113.70283229031249,0.6162632001845801
"[5, 8, 9, 10]",133.5039147868579,0.7235839961633768
"[6, 7, 8, 9]",149.40071411276384,0.8097437885620534
"[6, 7, 8, 10]",161.5781798220028,0.8757449939581742
"[6, 7, 9, 10]",156.24266470484022,0.8468267906513252
"[6, 8, 9, 10]",164.01131716885538,0.8889324667559626
"[7, 8, 9, 10]",132.56378683741983,0.7184885535342573
"[1, 2, 3, 4, 5]",147.77687308677284,0.8009426580439222
"[1, 2, 3, 4, 6]",157.7446977872248,0.8549677287043898
"[1, 2, 3, 4, 7]",147.04869776391521,0.7969959871851531
"[1, 2, 3, 4, 8]",157.47950818295607,0.853530415394858
"[1, 2, 3, 4, 9]",150.09355949236095,0.8134989730395468
"[1, 2, 3, 4, 10]",147.35266780640742,0.798643488372003
"[1, 2, 3, 5, 6]",155.53765642659548,0.8430056839211215
"[1, 2, 3, 5, 7]",142.73320830662678,0.7736062677758683
"[1, 2, 3, 5, 8]",153.16401872566763,0.830140695985573
"[1, 2, 3, 5, 9]",142.9100687888262,0.7745648420220059
"[1, 2, 3, 5, 10]",141.64126307883583,0.767687983710731
"[1, 2, 3, 6, 7]",139.61115539444322,0.756684909881323
"[1, 2, 3, 6, 8]",150.04196581348407,0.8132193380910279
"[1, 2, 3, 6, 9]",142.49727095626938,0.7723275001001161
"[1, 2, 3, 6, 10]",154.6747366655083,0.8383287054962366
"[1, 2, 3, 7, 8]",133.9042550496828,0.7257538187312199
"[1, 2, 3, 7, 9]",128.3820611558388,0.6958238265532679
"[1, 2, 3, 7, 10]",141.80272645978638,0.768563106501016
"[1, 2, 3, 8, 9]",138.8128715748797,0.7523582547629729
"[1, 2, 3, 8, 10]",152.23353687882724,0.8250975347107208
"[1, 2, 3, 9, 10]",141.89107288154176,0.7690419393277728
"[1, 2, 4, 5, 6]",158.34203493872081,0.8582052637521551
"[1, 2, 4, 5, 7]",148.6384350573901,0.8056122773179106
"[1, 2, 4, 5, 8]",158.9742769187054,0.8616319810821291
"[1, 2, 4, 5, 9]",155.801200492923,0.8444340785040284
"[1, 2, 4, 5, 10]",146.88449796719553,0.7961060331694276
"[1, 2, 4, 6, 7]",158.60625975784203,0.8596373479783781
"[1, 2, 4, 6, 8]",168.9421016191573,0.9156570517425965
"[1, 2, 4, 6, 9]",160.65872134430896,0.8707615787477799
"[1, 2, 4, 6, 10]",157.9178296583554,0.8559060940802361
"[1, 2, 4, 7, 8]",157.14451026545916,0.8517147448039557
"[1, 2, 4, 7, 9]",150.95512146297818,0.8181685923135351
"[1, 2, 4, 7, 10]",148.21422977702466,0.8033131076459914
"[1, 2, 4, 8, 9]",161.2909633242935,0.8741882960777536
"[1, 2, 4, 8, 10]",158.55007163833997,0.85933281141021
"[1, 2, 4, 9, 10]",155.37699521255755,0.8421349088321092
"[1, 2, 5, 6, 7]",156.3992183972127,0.8476753031951099
"[1, 2, 5, 6, 8]",166.73506025852802,0.9036950069593284
"[1, 2, 5, 6, 9]",156.89444041789517,0.8503593797578505
"[1, 2, 5, 6, 10]",154.38243511319618,0.8367444468949482
"[1, 2, 5, 7, 8]",152.82902080817075,0.8283250253946709
"[1, 2, 5, 7, 9]",143.77163075944347,0.7792344612959944
"[1, 2, 5, 7, 10]",142.5028250494531,0.7723576029847194
"[1, 2, 5, 8, 9]",154.10747262075878,0.835254165060213
"[1, 2, 5, 8, 10]",152.8386669107684,0.8283773067489381
"[1, 2, 5, 9, 10]",141.59877132922963,0.7674576807264843
"[1, 2, 6, 7, 8]",149.70696789598716,0.8114036675001256
"[1, 2, 6, 7, 9]",143.3588329268866,0.7769971193741044
"[1, 2, 6, 7, 10]",155.53629863612554,0.842998324770225
"[1, 2, 6, 8, 9]",153.6946747882019,0.8330168231383227
"[1, 2, 6, 8, 10]",165.87214049744085,0.8990180285344436
"[1, 2, 6, 9, 10]",155.87544451061072,0.8448364770636173
"[1, 2, 7, 8, 9]",138.4778736573828,0.7505425841720706
"[1, 2, 7, 8, 10]",151.89853896133033,0.8232818641198185
"[1, 2, 7, 9, 10]",142.752634852159,0.7737115586017611
"[1, 2, 8, 9, 10]",153.0884767134743,0.8297312623659797
"[1, 3, 4, 5, 6]",153.90806890439544,0.8341734077043977
"[1, 3, 4, 5, 7]",147.44791784276262,0.7991597384164354
"[1, 3, 4, 5, 8]",156.68662934690244,0.8492330549947453
"[1, 3, 4, 5, 9]",151.36723445859758,0.8204022224562708
"[1, 3, 4, 5, 10]",142.45053193287015,0.7720741771216701
"[1, 3, 4, 6, 7]",157.41574254321452,0.8531848090769026
"[1, 3, 4, 6, 8]",166.65445404735436,0.9032581256552128
"[1, 3, 4, 6, 9]",156.22475530998355,0.8467297227000224
"[1, 3, 4, 6, 10]",153.48386362403002,0.8318742380324787
"[1, 3, 4, 7, 8]",154.76189413593067,0.8388010942710856
"[1, 3, 4, 7, 9]",149.76460424835074,0.81171605341206
"[1, 3, 4, 7, 10]",147.02371256239718,0.7968605687445162
"[1, 3, 4, 8, 9]",159.00331575249055,0.8617893699903699
"[1, 3, 4, 8, 10]",156.262424066537,0.8469338853228261
"[1, 3, 4, 9, 10]",150.94302917823217,0.8181030527843518
"[1, 3, 5, 6, 7]",155.20870118258523,0.8412227642936346
"[1, 3, 5, 6, 8]",164.4474126867251,0.8912960808719448
"[1, 3, 5, 6, 9]",152.4604743835698,0.826327523710093
"[1, 3, 5, 6, 10]",149.9484690788708,0.8127125908471908
"[1, 3, 5, 7, 8]",150.44640467864224,0.8154113748618007
"[1, 3, 5, 7, 9]",142.581113544816,0.7727819223945191
"[1, 3, 5, 7, 10]",141.3123078348256,0.7659050640832441
"[1, 3, 5, 8, 9]",151.81982504895583,0.8228552389728292
"[1, 3, 5, 8, 10]",150.55101933896546,0.8159783806615543
"[1, 3, 5, 9, 10]",137.16480529490426,0.743425824678727
"[1, 3, 6, 7, 8]",146.42480259538354,0.7936145091217277
"[1, 3, 6, 7, 9]",142.16831571225913,0.7705445804726291
"[1, 3, 6, 7, 10]",154.34578142149806,0.8365457858687497
"[1, 3, 6, 8, 9]",151.33341912058043,0.8202189451534807
"[1, 3, 6, 8, 10]",163.58449292563793,0.88661910244706
"[1, 3, 6, 9, 10]",151.44147847628534,0.8208046210158599
"[1, 3, 7, 8, 9]",136.09525752785427,0.7376289336392005
"[1, 3, 7, 8, 10]",149.51592283180184,0.8103682135869485
"[1, 3, 7, 9, 10]",141.56211763753151,0.7672590197002859
"[1, 3, 8, 9, 10]",150.80082914167136,0.8173323362785959
"[1, 4, 5, 6, 7]",159.0054798366894,0.8618010992096602
"[1, 4, 5, 6, 8]",168.1492227831037,0.911359691342484
"[1, 4, 5, 6, 9]",154.02433650076958,0.8348035717871741
"[1, 4, 5, 6, 10]",149.55074291547112,0.8105569365568208
"[1, 4, 5, 7, 8]",156.35163142940553,0.8474173844038431
"[1, 4, 5, 7, 9]",156.46464539089158,0.8480299139615334
"[1, 4, 5, 7, 10]",147.5479428651641,0.7997018686269325
"[1, 4, 5, 8, 9]",165.60838833730588,0.8975885060943573
"[1, 4, 5, 8, 10]",156.6916858115784,0.8492604607597563
"[1, 4, 5, 9, 10]",142.5667995292443,0.7727043412044465
"[1, 4, 6, 7, 8]",166.31945612985746,0.9014424550643104
"[1, 4, 6, 7, 9]",161.3221662422775,0.8743574142052847
"[1, 4, 6, 7, 10]",158.58127455632396,0.859501929537741
"[1, 4, 6, 8, 9]",170.4659091886918,0.9239160063381084
"[1, 4, 6, 8, 10]",167.72501750273827,0.9090605216705647
"[1, 4, 6, 9, 10]",153.60013122040414,0.8325044021152549
"[1, 4, 7, 8, 9]",158.66831783499367,0.8599736993994679
"[1, 4, 7, 8, 10]",155.9274261490401,0.8451182147319238
"[1, 4, 7, 9, 10]",156.0404401105261,0.845730744289614
"[1, 4, 8, 9, 10]",165.1841830569404,0.8952893364224378
"[1, 5, 6, 7, 8]",164.11241476922817,0.8894804102810424
"[1, 5, 6, 7, 9]",157.55788531586376,0.8539552152153554
"[1, 5, 6, 7, 10]",155.0458800111648,0.8403402823524534
"[1, 5, 6, 8, 9]",166.62802016645952,0.9031148554507208
"[1, 5, 6, 8, 10]",164.18962295757908,0.889898874485277
"[1, 5, 6, 9, 10]",147.68422605462618,0.8004405161414889
"[1, 5, 7, 8, 9]",151.48482713145893,0.8210395683819269
"[1, 5, 7, 8, 10]",150.21602142146853,0.8141627100706519
"[1, 5, 7, 9, 10]",142.26221622719822,0.7710535161839893
"[1, 5, 8, 9, 10]",151.40595917361253,0.8206121083168132
"[1, 6, 7, 8, 9]",150.9984212030835,0.8184032745625782
"[1, 6, 7, 8, 10]",163.249495008141,0.8848034318561575
"[1, 6, 7, 9, 10]",156.5388894085793,0.8484323125211224
"[1, 6, 8, 9, 10]",165.60902425917504,0.8975919527564874
"[1, 7, 8, 9, 10]",150.46583122417445,0.8155166656876937
"[2, 3, 4, 5, 6]",158.89785198617344,0.8612177620820625
"[2, 3, 4, 5, 7]",136.72872142327,0.7410622736847109
"[2, 3, 4, 5, 8]",147.15953184231086,0.7975967018944157
"[2, 3, 4, 5, 9]",136.5123491180803,0.7398895474953837
"[2, 3, 4, 5, 10]",135.96718447505427,0.7369347846212198
"[2, 3, 4, 6, 7]",158.1696766633158,0.8572710912232934
"[2, 3, 4, 6, 8]",168.60048708235666,0.9138055194329983
"[2, 3, 4, 6, 9]",161.21453839176155,0.8737740770776871
"[2, 3, 4, 6, 10]",158.47364670580802,0.8589185924101433
"[2, 3, 4, 7, 8]",145.23479663133907,0.7871647411707559
"[2, 3, 4, 7, 9]",135.78417379522267,0.7359428766366147
"[2, 3, 4, 7, 10]",136.30451614290456,0.7387631040127917
"[2, 3, 4, 8, 9]",146.21498421426355,0.7924773048463196
"[2, 3, 4, 8, 10]",146.7353265619454,0.7952975322224964
"[2, 3, 4, 9, 10]",136.08814383771488,0.7375903778234647
"[2, 3, 5, 6, 7]",155.96263530268652,0.8453090464400254
"[2, 3, 5, 6, 8]",166.3934457217274,0.9018434746497304
"[2, 3, 5, 6, 9]",157.45025746534782,0.8533718780877579
"[2, 3, 5, 6, 10]",154.93825216064883,0.8397569452248557
"[2, 3, 5, 7, 8]",132.92958428169297,0.7204711558941663
"[2, 3, 5, 7, 9]",123.49037924262197,0.6693111752023579
"[2, 3, 5, 7, 10]",122.50111961707856,0.6639494415465577
"[2, 3, 5, 8, 9]",133.92118966166282,0.7258456034120627
"[2, 3, 5, 8, 10]",132.93193003611944,0.7204838697562627
"[2, 3, 5, 9, 10]",122.30991995438696,0.6629131497178398
"[2, 3, 6, 7, 8]",149.8812691608636,0.8123483709268152
"[2, 3, 6, 7, 9]",142.9222498323604,0.7746308626190197
"[2, 3, 6, 7, 10]",155.09971554159935,0.8406320680151405
"[2, 3, 6, 8, 9]",153.35306025140125,0.8311652908287245
"[2, 3, 6, 8, 10]",165.53052596064023,0.8971664962248455
"[2, 3, 6, 9, 10]",156.43126155806334,0.8478489753935247
"[2, 3, 7, 8, 9]",118.19662214056129,0.6406192980784341
"[2, 3, 7, 8, 10]",131.89683352895582,0.714873702681657
"[2, 3, 7, 9, 10]",122.47138333533748,0.6637882725081246
"[2, 3, 8, 9, 10]",132.90219375437837,0.7203227007178297
"[2, 4, 5, 6, 7]",159.7594139567907,0.8658873813560509
"[2, 4, 5, 6, 8]",170.06830630413242,0.9217610202123842
"[2, 4, 5, 6, 9]",170.34138916944454,0.92324111456978
"[2, 4, 5, 6, 10]",158.00547686659613,0.8563811372075679
"[2, 4, 5, 7, 8]",146.82453392481395,0.7957810313035134
"[2, 4, 5, 7, 9]",137.37391108869753,0.7445591667693721
"[2, 4, 5, 7, 10]",136.8287464456715,0.7416044038952081
"[2, 4, 5, 8, 9]",147.70975295001284,0.8005788705335906
"[2, 4, 5, 8, 10]",147.16458830698681,0.7976241076594266
"[2, 4, 5, 9, 10]",135.619973998503,0.7350529226208893
"[2, 4, 6, 7, 8]",168.26548916485976,0.911989848842096
"[2, 4, 6, 7, 9]",162.07610036237878,0.8784436963516754
"[2, 4, 6, 7, 10]",159.33520867642525,0.8635882116841317
"[2, 4, 6, 8, 9]",172.38499270972056,0.934317335208009
"[2, 4, 6, 8, 10]",169.64410102376698,0.9194618505404649
"[2, 4, 6, 9, 10]",169.91718388907913,0.920941944897861
"[2, 4, 7, 8, 9]",145.87998629676662,0.7906616342554172
"[2, 4, 7, 8, 10]",146.4003286444485,0.7934818616315942
"[2, 4, 7, 9, 10]",136.9497058083321,0.742259997097453
"[2, 4, 8, 9, 10]",147.28554766964743,0.7982797008616715
"[2, 5, 6, 7, 8]",166.05844780423047,0.9000278040588279
"[2, 5, 6, 7, 9]",158.31181943596505,0.8580414973617463
"[2, 5, 6, 7, 10]",155.79981413126606,0.844426564498844
"[2, 5, 6, 8, 9]",168.62071178330677,0.9139151362180794
"[2, 5, 6, 8, 10]",166.1087064786078,0.9003002033551771
"[2, 5, 6, 9, 10]",156.13896000575122,0.8462647167922361
"[2, 5, 7, 8, 9]",133.58619174416592,0.7240299328211605
"[2, 5, 7, 8, 10]",132.59693211862253,0.7186681991653604
"[2, 5, 7, 9, 10]",123.17148192500419,0.6675827689918281
"[2, 5, 8, 9, 10]",133.50732378631952,0.7236024727560467
"[2, 6, 7, 8, 9]",153.01806233390437,0.8293496202378224
"[2, 6, 7, 8, 10]",165.1955280431433,0.8953508256339431
"[2, 6, 7, 9, 10]",157.29282352868057,0.852518594667513
"[2, 6, 8, 9, 10]",167.6017158760223,0.9083922335238461
"[2, 7, 8, 9, 10]",132.56719583688144,0.7185070301269272
"[3, 4, 5, 6, 7]",159.04443805348723,0.8620122506372342
"[3, 4, 5, 6, 8]",166.90805907522792,0.9046326511873579
"[3, 4, 5, 6, 9]",161.88399029430383,0.8774024701750287
"[3, 4, 5, 6, 10]",154.3429236721541,0.8365302970218972
"[3, 4, 5, 7, 8]",147.0323549416397,0.7969074099724955
"[3, 4, 5, 7, 9]",128.24044437454273,0.6950562712594953
"[3, 4, 5, 7, 10]",128.6735058561448,0.6974034410630351
"[3, 4, 5, 8, 9]",148.13649542881367,0.8028917916837782
"[3, 4, 5, 8, 10]",147.4673778815381,0.799265210773895
"[3, 4, 5, 9, 10]",114.10428964368839,0.61843907732278
"[3, 4, 6, 7, 8]",164.98332386425614,0.8942006904636982
"[3, 4, 6, 7, 9]",161.36112445907534,0.8745685656328589
"[3, 4, 6, 7, 10]",158.6202327731218,0.8597130809653152
"[3, 4, 6, 8, 9]",169.224745480816,0.9171889661829824
"[3, 4, 6, 8, 10]",166.48385379486248,0.9023334815154388
"[3, 4, 6, 9, 10]",161.4597850139384,0.8751033005031095
"[3, 4, 7, 8, 9]",146.21176021784188,0.7924598309601184
"[3, 4, 7, 8, 10]",146.60814966127427,0.7946082403005763
"[3, 4, 7, 9, 10]",127.81623909417729,0.6927571015875762
"[3, 4, 8, 9, 10]",147.71229014844823,0.800592622011859
"[3, 5, 6, 7, 8]",162.77628250362685,0.8822386456804301
"[3, 5, 6, 7, 9]",157.59684353266158,0.8541663666429296
"[3, 5, 6, 7, 10]",155.08483822796262,0.8405514337800274
"[3, 5, 6, 8, 9]",165.46046455440228,0.8967867671930533
"[3, 5, 6, 8, 10]",162.9484592497033,0.883171834330151
"[3, 5, 6, 9, 10]",152.47640681130918,0.8264138766065654
"[3, 5, 7, 8, 9]",133.91796566524118,0.7258281295258617
"[3, 5, 7, 8, 10]",132.87923511121843,0.7201982661138656
"[3, 5, 7, 9, 10]",114.03801521084937,0.6180798734819513
"[3, 5, 8, 9, 10]",133.93406626512032,0.7259153939062342
"[3, 6, 7, 8, 9]",149.73589703330072,0.8115604618594244
"[3, 6, 7, 8, 10]",161.91336274253968,0.8775616672555452
"[3, 6, 7, 9, 10]",156.57784762537713,0.8486434639486964
"[3, 6, 8, 9, 10]",164.4414686471178,0.89126386449882
"[3, 7, 8, 9, 10]",132.8989697579567,0.7203052268316285
"[4, 5, 6, 7, 8]",166.57306115773102,0.9028169805964557
"[4, 5, 6, 7, 9]",171.48037537873716,0.9294143582099438
"[4, 5, 6, 7, 10]",159.14446307588872,0.8625543808477315
"[4, 5, 6, 8, 9]",179.2490278427523,0.971520034314581
"[4, 5, 6, 8, 10]",166.91311553990388,0.904660056952369
"[4, 5, 6, 9, 10]",152.8618373533883,0.8285028892945175
"[4, 5, 7, 8, 9]",147.80149751131677,0.801076121092876
"[4, 5, 7, 8, 10]",147.1323799640412,0.7974495401829927
"[4, 5, 7, 9, 10]",128.34046939694423,0.6955984014699926
"[4, 5, 8, 9, 10]",148.14155189348963,0.8029191974487891
"[4, 6, 7, 8, 9]",168.8897475633191,0.9153732955920801
"[4, 6, 7, 8, 10]",166.14885587736558,0.9005178109245364
"[4, 6, 7, 9, 10]",171.05617009837172,0.9271151885380245
"[4, 6, 8, 9, 10]",178.82482256238686,0.9692208646426619
"[4, 7, 8, 9, 10]",147.37729223095133,0.7987769514209567
"[5, 6, 7, 8, 9]",165.12546663690537,0.894971096602151
"[5, 6, 7, 8, 10]",162.61346133220638,0.8813561637392487
"[5, 6, 7, 9, 10]",157.27794621504384,0.8524379604323998
"[5, 6, 8, 9, 10]",165.04659867905897,0.8945436365370372
"[5, 7, 8, 9, 10]",133.59906834762342,0.7240997233153319
"[6, 7, 8, 9, 10]",164.1064707296209,0.8894481939079177
"[1, 2, 3, 4, 5, 6]",159.66961800123653,0.8654006921345182
"[1, 2, 3, 4, 5, 7]",148.97361797792695,0.8074289506152816
"[1, 2, 3, 4, 5, 8]",159.4044283969678,0.8639633788249864
"[1, 2, 3, 4, 5, 9]",157.1287835554387,0.8516295068863914
"[1, 2, 3, 4, 5, 10]",148.21208102971124,0.8033014615517906
"[1, 2, 3, 4, 6, 7]",158.9414426783789,0.8614540212757492
"[1, 2, 3, 4, 6, 8]",169.37225309741976,0.917988449485454
"[1, 2, 3, 4, 6, 9]",161.98630440682467,0.877957007130143
"[1, 2, 3, 4, 6, 10]",159.2454127208711,0.863101522462599
"[1, 2, 3, 4, 7, 8]",157.47969318599604,0.8535314181013267
"[1, 2, 3, 4, 7, 9]",151.2903043835151,0.8199852656109063
"[1, 2, 3, 4, 7, 10]",148.54941269756154,0.8051297809433625
"[1, 2, 3, 4, 8, 9]",161.72111480255592,0.876519693820611
"[1, 2, 3, 4, 8, 10]",158.9802231166024,0.8616642091530673
"[1, 2, 3, 4, 9, 10]",156.70457827507323,0.849330337214472
"[1, 2, 3, 5, 6, 7]",156.7344013177496,0.849491976492481
"[1, 2, 3, 5, 6, 8]",167.16521173679047,0.9060264047021859
"[1, 2, 3, 5, 6, 9]",158.22202348041088,0.8575548081402135
"[1, 2, 3, 5, 6, 10]",155.7100181757119,0.8439398752773112
"[1, 2, 3, 5, 7, 8]",153.1642037287076,0.8301416986920418
"[1, 2, 3, 5, 7, 9]",144.10681367998032,0.7810511345933654
"[1, 2, 3, 5, 7, 10]",142.83800796998995,0.7741742762820905
"[1, 2, 3, 5, 8, 9]",154.5376240990212,0.8375855628030703
"[1, 2, 3, 5, 8, 10]",153.26881838903083,0.8307087044917953
"[1, 2, 3, 5, 9, 10]",142.92635439174532,0.7746531091088472
"[1, 2, 3, 6, 7, 8]",150.04215081652404,0.8132203407974966
"[1, 2, 3, 6, 7, 9]",143.6940158474235,0.7788137926714754
"[1, 2, 3, 6, 7, 10]",155.87148155666242,0.8448149980675961
"[1, 2, 3, 6, 8, 9]",154.12482626646437,0.8353482208811804
"[1, 2, 3, 6, 8, 10]",166.3022919757033,0.9013494262773011
"[1, 2, 3, 6, 9, 10]",157.2030275731264,0.8520319054459802
"[1, 2, 3, 7, 8, 9]",138.81305657791967,0.7523592574694417
"[1, 2, 3, 7, 8, 10]",152.2337218818672,0.8250985374171896
"[1, 2, 3, 7, 9, 10]",143.08781777269587,0.7755282318991322
"[1, 2, 3, 8, 9, 10]",153.51862819173672,0.832062660108837
"[1, 2, 4, 5, 6, 7]",160.53117997185376,0.8700703114085065
"[1, 2, 4, 5, 6, 8]",170.86702183316908,0.926090015172725
"[1, 2, 4, 5, 6, 9]",171.1131551845076,0.9274240446222356
"[1, 2, 4, 5, 6, 10]",158.77724288165922,0.8605640672600237
"[1, 2, 4, 5, 7, 8]",159.06943047947092,0.8621477082340843
"[1, 2, 4, 5, 7, 9]",157.99034552605593,0.8562991261603797
"[1, 2, 4, 5, 7, 10]",149.07364300032847,0.807971080825779
"[1, 2, 4, 5, 8, 9]",168.32618738737125,0.9123188299245982
"[1, 2, 4, 5, 8, 10]",159.4094848616438,0.8639907845899975
"[1, 2, 4, 5, 9, 10]",156.23640843586136,0.8467928820118967
"[1, 2, 4, 6, 7, 8]",169.03725517992285,0.9161727788945517
"[1, 2, 4, 6, 7, 9]",162.8478663774419,0.8826266264041314
"[1, 2, 4, 6, 7, 10]",160.10697469148832,0.8677711417365873
"[1, 2, 4, 6, 8, 9]",173.18370823875716,0.9386463301683495
"[1, 2, 4, 6, 8, 10]",170.44281655280363,0.9237908455008058
"[1, 2, 4, 6, 9, 10]",170.68894990414222,0.9251248749503167
"[1, 2, 4, 7, 8, 9]",161.38611688505904,0.8747040232297089
"[1, 2, 4, 7, 8, 10]",158.64522519910548,0.859848538562165
"[1, 2, 4, 7, 9, 10]",157.56614024569046,0.8539999564884604
"[1, 2, 4, 8, 9, 10]",167.90198210700578,0.9100196602526789
"[1, 2, 5, 6, 7, 8]",166.83021381929353,0.9042107341112835
"[1, 2, 5, 6, 7, 9]",159.0835854510281,0.8622244274142018
"[1, 2, 5, 6, 7, 10]",156.57158014632913,0.8486094945512995
"[1, 2, 5, 6, 8, 9]",169.41942731234343,0.9182441311784203
"[1, 2, 5, 6, 8, 10]",166.90742200764444,0.904629198315518
"[1, 2, 5, 6, 9, 10]",156.91072602081428,0.8504476468446917
"[1, 2, 5, 7, 8, 9]",154.2026261815243,0.835769892212168
"[1, 2, 5, 7, 8, 10]",152.93382047153392,0.8288930339008931
"[1, 2, 5, 7, 9, 10]",143.78791636236258,0.7793227283828357
"[1, 2, 5, 8, 9, 10]",154.1237582236779,0.8353424321470542
"[1, 2, 6, 7, 8, 9]",153.78982834896743,0.833532550290278
"[1, 2, 6, 7, 8, 10]",165.96729405820636,0.8995337556863986
"[1, 2, 6, 7, 9, 10]",158.06458954374364,0.8567015247199685
"[1, 2, 6, 8, 9, 10]",168.40043140505895,0.912721228484187
"[1, 2, 7, 8, 9, 10]",153.18363027423982,0.8302469895179347
"[1, 3, 4, 5, 6, 7]",159.34066275722628,0.8636177725070313
"[1, 3, 4, 5, 6, 8]",168.57937426136615,0.9136910890853415
"[1, 3, 4, 5, 6, 9]",163.48169738462352,0.8860619561755537
"[1, 3, 4, 5, 6, 10]",154.34327684733384,0.8365322112122663
"[1, 3, 4, 5, 7, 8]",156.6868143499424,0.8492340577012141
"[1, 3, 4, 5, 7, 9]",156.79982831142843,0.8498465872589044
"[1, 3, 4, 5, 7, 10]",147.883125785701,0.8015185419243037
"[1, 3, 4, 5, 8, 9]",166.0385398155683,0.8999199038372145
"[1, 3, 4, 5, 8, 10]",157.1218372898408,0.8515918585026137
"[1, 3, 4, 5, 9, 10]",151.802442401536,0.8227610259641395
"[1, 3, 4, 6, 7, 8]",166.65463905039434,0.9032591283616815
"[1, 3, 4, 6, 7, 9]",161.6573491628144,0.8761740875026559
"[1, 3, 4, 6, 7, 10]",158.91645747686084,0.8613186028351121
"[1, 3, 4, 6, 8, 9]",170.8960606669542,0.9262474040809658
"[1, 3, 4, 6, 8, 10]",168.15516898100068,0.9113919194134221
"[1, 3, 4, 6, 9, 10]",163.05749210425805,0.8837627865036344
"[1, 3, 4, 7, 8, 9]",159.00350075553052,0.8617903726968388
"[1, 3, 4, 7, 8, 10]",156.26260906957697,0.8469348880292948
"[1, 3, 4, 7, 9, 10]",156.37562303106301,0.8475474175869853
"[1, 3, 4, 8, 9, 10]",165.61433453520283,0.8976207341652952
"[1, 3, 5, 6, 7, 8]",164.44759768976505,0.8912970835784134
"[1, 3, 5, 6, 7, 9]",157.89306823640064,0.8557718885127266
"[1, 3, 5, 6, 7, 10]",155.38106293170165,0.8421569556498243
"[1, 3, 5, 6, 8, 9]",167.05817164472194,0.9054462531935781
"[1, 3, 5, 6, 8, 10]",164.61977443584152,0.8922302722281346
"[1, 3, 5, 6, 9, 10]",152.4767599864889,0.8264157907969343
"[1, 3, 5, 7, 8, 9]",151.82001005199578,0.8228562416792979
"[1, 3, 5, 7, 8, 10]",150.55120434200543,0.8159793833680231
"[1, 3, 5, 7, 9, 10]",142.59739914773508,0.7728701894813602
"[1, 3, 5, 8, 9, 10]",151.83611065187495,0.8229435060596705
"[1, 3, 6, 7, 8, 9]",151.33360412362038,0.8202199478599493
"[1, 3, 6, 7, 8, 10]",163.58467792867788,0.8866201051535286
"[1, 3, 6, 7, 9, 10]",156.87407232911616,0.8502489858184933
"[1, 3, 6, 8, 9, 10]",166.03917573743746,0.8999233504993448
"[1, 3, 7, 8, 9, 10]",150.80101414471133,0.8173333389850648
"[1, 4, 5, 6, 7, 8]",168.24437634386922,0.9118754184944391
"[1, 4, 5, 6, 7, 9]",171.77660008247622,0.9310198800797408
"[1, 4, 5, 6, 7, 10]",159.44068777962778,0.8641599027175285
"[1, 4, 5, 6, 8, 9]",180.84673493307199,0.980179520315106
"[1, 4, 5, 6, 8, 10]",168.5844307260421,0.9137184948503523
"[1, 4, 5, 6, 9, 10]",154.45954444370795,0.8371623752950424
"[1, 4, 5, 7, 8, 9]",165.70354189807136,0.8981042332463122
"[1, 4, 5, 7, 8, 10]",156.7868393723439,0.8497761879117114
"[1, 4, 5, 7, 9, 10]",156.89985333382995,0.8503887174694017
"[1, 4, 5, 8, 9, 10]",166.04359628024426,0.8999473096022256
"[1, 4, 6, 7, 8, 9]",170.56106274945734,0.9244317334900637
"[1, 4, 6, 7, 8, 10]",167.82017106350378,0.9095762488225199
"[1, 4, 6, 7, 9, 10]",171.35239480211078,0.9287207104078216
"[1, 4, 6, 8, 9, 10]",180.42252965270654,0.9778803506431869
"[1, 4, 7, 8, 9, 10]",165.27933661770592,0.8958050635743929
"[1, 5, 6, 7, 8, 9]",166.72317372722503,0.9036305826026758
"[1, 5, 6, 7, 8, 10]",164.2847765183446,0.8904146016372321
"[1, 5, 6, 7, 9, 10]",157.57417091878287,0.8540434823021967
"[1, 5, 6, 8, 9, 10]",166.64430576937863,0.903203122537562
"[1, 5, 7, 8, 9, 10]",151.50111273437804,0.8211278354687682
"[1, 6, 7, 8, 9, 10]",165.70417781994055,0.8981076799084425
"[2, 3, 4, 5, 6, 7]",160.09459687732758,0.867704054653422
"[2, 3, 4, 5, 6, 8]",170.52540729636846,0.924238482863127
"[2, 3, 4, 5, 6, 9]",171.66897223196025,0.9304365429521431
"[2, 3, 4, 5, 6, 10]",159.33305992911184,0.8635765655899309
"[2, 3, 4, 5, 7, 8]",147.15971684535083,0.7975977046008845
"[2, 3, 4, 5, 7, 9]",137.70909400923443,0.7463758400667433
"[2, 3, 4, 5, 7, 10]",137.16392936620838,0.7434210771925792
"[2, 3, 4, 5, 8, 9]",148.13990442827532,0.8029102682764483
"[2, 3, 4, 5, 8, 10]",147.59473978524923,0.799955505402284
"[2, 3, 4, 5, 9, 10]",136.94755706101867,0.742248351003252
"[2, 3, 4, 6, 7, 8]",168.60067208539664,0.913806522139467
"[2, 3, 4, 6, 7, 9]",162.4112832829157,0.8802603696490466
"[2, 3, 4, 6, 7, 10]",159.67039159696213,0.8654048849815028
"[2, 3, 4, 6, 8, 9]",172.84209370195651,0.9367947978587513
"[2, 3, 4, 6, 8, 10]",170.101202016003,0.9219393131912076
"[2, 3, 4, 6, 9, 10]",171.24476695159484,0.928137373280224
"[2, 3, 4, 7, 8, 9]",146.21516921730353,0.7924783075527885
"[2, 3, 4, 7, 8, 10]",146.7355115649854,0.7952985349289653
"[2, 3, 4, 7, 9, 10]",137.284888728869,0.7440766703948241
"[2, 3, 4, 8, 9, 10]",147.71569914790985,0.8006110986045288
"[2, 3, 5, 6, 7, 8]",166.39363072476735,0.901844477356199
"[2, 3, 5, 6, 7, 9]",158.64700235650193,0.8598581706591173
"[2, 3, 5, 6, 7, 10]",156.13499705180294,0.846243237796215
"[2, 3, 5, 6, 8, 9]",169.07781277554278,0.9163925988688221
"[2, 3, 5, 6, 8, 10]",166.56580747084382,0.90277766600592
"[2, 3, 5, 6, 9, 10]",157.46654306826693,0.8534601451745991
"[2, 3, 5, 7, 8, 9]",133.9213746647028,0.7258466061185316
"[2, 3, 5, 7, 8, 10]",132.9321150391594,0.7204848724627314
"[2, 3, 5, 7, 9, 10]",123.50666484554107,0.6693994422891991
"[2, 3, 5, 8, 9, 10]",133.93747526458193,0.725933870498904
"[2, 3, 6, 7, 8, 9]",153.35324525444122,0.8311662935351933
"[2, 3, 6, 7, 8, 10]",165.53071096368018,0.8971674989313141
"[2, 3, 6, 7, 9, 10]",157.62800644921745,0.854335267964884
"[2, 3, 6, 8, 9, 10]",168.05881686825833,0.910869696174589
"[2, 3, 7, 8, 9, 10]",132.90237875741832,0.7203237034242983
"[2, 4, 5, 6, 7, 8]",170.19040937887152,0.9224228122722246
"[2, 4, 5, 6, 7, 9]",172.53053420257748,0.9351061622261314
"[2, 4, 5, 6, 7, 10]",160.19462189972907,0.8682461848639192
"[2, 4, 5, 6, 8, 9]",182.8394265499192,0.9909798010824646
"[2, 4, 5, 6, 8, 10]",170.5035142470708,0.9241198237202525
"[2, 4, 5, 6, 9, 10]",170.77659711238294,0.9255999180776485
"[2, 4, 5, 7, 8, 9]",147.80490651077838,0.8010945976855458
"[2, 4, 5, 7, 8, 10]",147.25974186775233,0.7981398348113817
"[2, 4, 5, 7, 9, 10]",137.8091190316359,0.7469179702772404
"[2, 4, 5, 8, 9, 10]",148.14496089295122,0.8029376740414589
"[2, 4, 6, 7, 8, 9]",172.50709578445964,0.9349791272678492
"[2, 4, 6, 7, 8, 10]",169.76620409850608,0.9201236426003053
"[2, 4, 6, 7, 9, 10]",172.10632892221207,0.9328069925542124
"[2, 4, 6, 8, 9, 10]",182.4152212695538,0.9886806314105455
"[2, 4, 7, 8, 9, 10]",147.38070123041294,0.7987954280136266
"[2, 5, 6, 7, 8, 9]",168.74281485804588,0.9145769282779198
"[2, 5, 6, 7, 8, 10]",166.2308095533469,0.9009619954150175
"[2, 5, 6, 7, 9, 10]",158.32810503888416,0.8581297644485875
"[2, 5, 6, 8, 9, 10]",168.6369973862259,0.9140034033049207
"[2, 5, 7, 8, 9, 10]",133.60247734708503,0.7241181999080017
"[2, 6, 7, 8, 9, 10]",167.7238189507614,0.9090540255836865
"[3, 4, 5, 6, 7, 8]",166.9082440782679,0.9046336538938268
"[3, 4, 5, 6, 7, 9]",171.81555829927404,0.9312310315073149
"[3, 4, 5, 6, 7, 10]",159.47964599642563,0.8643710541451027
"[3, 4, 5, 6, 8, 9]",179.67917932101471,0.9738514320574384
"[3, 4, 5, 6, 8, 10]",167.3432670181663,0.9069914546952262
"[3, 4, 5, 6, 9, 10]",162.3191982372422,0.879761273682897
"[3, 4, 5, 7, 8, 9]",148.13668043185365,0.802892794390247
"[3, 4, 5, 7, 8, 10]",147.4675628845781,0.7992662134803639
"[3, 4, 5, 7, 9, 10]",128.6756523174811,0.6974150747673636
"[3, 4, 5, 8, 9, 10]",148.57170337175205,0.8052505951916465
"[3, 4, 6, 7, 8, 9]",169.22493048385599,0.9171899688894513
"[3, 4, 6, 7, 8, 10]",166.48403879790246,0.9023344842219075
"[3, 4, 6, 7, 9, 10]",171.3913530189086,0.9289318618353957
"[3, 4, 6, 8, 9, 10]",179.2549740406493,0.9715522623855194
"[3, 4, 7, 8, 9, 10]",147.7124751514882,0.8005936247183278
"[3, 5, 6, 7, 8, 9]",165.46064955744225,0.896787769899522
"[3, 5, 6, 7, 8, 10]",162.94864425274326,0.8831728370366198
"[3, 5, 6, 7, 9, 10]",157.6131291355807,0.8542546337297707
"[3, 5, 6, 8, 9, 10]",165.4767501573214,0.8968750342798946
"[3, 5, 7, 8, 9, 10]",133.9342512681603,0.7259163966127029
"[3, 6, 7, 8, 9, 10]",164.44165365015778,0.8912648672052887
"[4, 5, 6, 7, 8, 9]",179.3441814035178,0.9720357614665361
"[4, 5, 6, 7, 8, 10]",167.0082691006694,0.905175784104324
"[4, 5, 6, 7, 9, 10]",171.91558332167554,0.9317731617178121
"[4, 5, 6, 8, 9, 10]",179.68423578569067,0.9738788378224493
"[4, 5, 7, 8, 9, 10]",148.23670545425514,0.8034349246007443
"[4, 6, 7, 8, 9, 10]",178.91997612315237,0.9697365917946169
"[5, 6, 7, 8, 9, 10]",165.14175223982448,0.8950593636889922
"[1, 2, 3, 4, 5, 6, 7]",160.86636289239064,0.8718869847058777
"[1, 2, 3, 4, 5, 6, 8]",171.29717331143152,0.9284214129155826
"[1, 2, 3, 4, 5, 6, 9]",172.44073824702332,0.9346194730045987
"[1, 2, 3, 4, 5, 6, 10]",160.1048259441749,0.8677594956423865
"[1, 2, 3, 4, 5, 7, 8]",159.40461340000778,0.8639643815314552
"[1, 2, 3, 4, 5, 7, 9]",158.32552844659278,0.8581157994577507
"[1, 2, 3, 4, 5, 7, 10]",149.40882592086535,0.8097877541231501
"[1, 2, 3, 4, 5, 8, 9]",168.75633886563367,0.9146502276674556
"[1, 2, 3, 4, 5, 8, 10]",159.8396363399062,0.8663221823328549
"[1, 2, 3, 4, 5, 9, 10]",157.56399149837708,0.8539883103942597
"[1, 2, 3, 4, 6, 7, 8]",169.37243810045973,0.9179894521919227
"[1, 2, 3, 4, 6, 7, 9]",163.18304929797876,0.8844432997015023
"[1, 2, 3, 4, 6, 7, 10]",160.4421576120252,0.8695878150339584
"[1, 2, 3, 4, 6, 8, 9]",173.61385971701964,0.9409777279112073
"[1, 2, 3, 4, 6, 8, 10]",170.87296803106605,0.9261222432436632
"[1, 2, 3, 4, 6, 9, 10]",172.0165329666579,0.9323203033326796
"[1, 2, 3, 4, 7, 8, 9]",161.7212998055959,0.8765206965270799
"[1, 2, 3, 4, 7, 8, 10]",158.98040811964236,0.8616652118595362
"[1, 2, 3, 4, 7, 9, 10]",157.90132316622737,0.8558166297858316
"[1, 2, 3, 4, 8, 9, 10]",168.3321335852682,0.9123510579955363
"[1, 2, 3, 5, 6, 7, 8]",167.1653967398304,0.9060274074086545
"[1, 2, 3, 5, 6, 7, 9]",159.418768371565,0.8640411007115729
"[1, 2, 3, 5, 6, 7, 10]",156.906763066866,0.8504261678486706
"[1, 2, 3, 5, 6, 8, 9]",169.84957879060585,0.9205755289212777
"[1, 2, 3, 5, 6, 8, 10]",167.3375734859069,0.9069605960583756
"[1, 2, 3, 5, 6, 9, 10]",158.23830908333,0.8576430752270547
"[1, 2, 3, 5, 7, 8, 9]",154.53780910206115,0.8375865655095389
"[1, 2, 3, 5, 7, 8, 10]",153.2690033920708,0.8307097071982642
"[1, 2, 3, 5, 7, 9, 10]",144.12309928289943,0.7811394016802066
"[1, 2, 3, 5, 8, 9, 10]",154.5539097019403,0.8376738298899116
"[1, 2, 3, 6, 7, 8, 9]",154.1250112695043,0.8353492235876491
"[1, 2, 3, 6, 7, 8, 10]",166.30247697874324,0.9013504289837697
"[1, 2, 3, 6, 7, 9, 10]",158.39977246428052,0.8585181980173396
"[1, 2, 3, 6, 8, 9, 10]",168.8305828833214,0.9150526262270445
"[1, 2, 3, 7, 8, 9, 10]",153.5188131947767,0.8320636628153059
"[1, 2, 4, 5, 6, 7, 8]",170.9621753939346,0.9266057423246802
"[1, 2, 4, 5, 6, 7, 9]",173.30230021764055,0.939289092278587
"[1, 2, 4, 5, 6, 7, 10]",160.96638791479214,0.8724291149163749
"[1, 2, 4, 5, 6, 8, 9]",183.63814207895587,0.9953087960428055
"[1, 2, 4, 5, 6, 8, 10]",171.30222977610745,0.9284488186805934
"[1, 2, 4, 5, 6, 9, 10]",171.54836312744604,0.9297828481301043
"[1, 2, 4, 5, 7, 8, 9]",168.42134094813673,0.9128345570765533
"[1, 2, 4, 5, 7, 8, 10]",159.5046384224093,0.8645065117419526
"[1, 2, 4, 5, 7, 9, 10]",158.4255534689943,0.858657929668248
"[1, 2, 4, 5, 8, 9, 10]",168.76139533030963,0.9146776334324666
"[1, 2, 4, 6, 7, 8, 9]",173.2788617995227,0.9391620573203048
"[1, 2, 4, 6, 7, 8, 10]",170.53797011356914,0.924306572652761
"[1, 2, 4, 6, 7, 9, 10]",172.87809493727514,0.9369899226066679
"[1, 2, 4, 6, 8, 9, 10]",183.21393679859045,0.9930096263708864
"[1, 2, 4, 7, 8, 9, 10]",167.99713566777132,0.9105353874046341
"[1, 2, 5, 6, 7, 8, 9]",169.51458087310894,0.9187598583303754
"[1, 2, 5, 6, 7, 8, 10]",167.00257556840995,0.9051449254674732
"[1, 2, 5, 6, 7, 9, 10]",159.09987105394723,0.8623126945010431
"[1, 2, 5, 6, 8, 9, 10]",169.43571291526254,0.9183323982652616
"[1, 2, 5, 7, 8, 9, 10]",154.2189117844434,0.8358581592990093
"[1, 2, 6, 7, 8, 9, 10]",168.49558496582446,0.9132369556361422
"[1, 3, 4, 5, 6, 7, 8]",168.5795592644061,0.9136920917918101
"[1, 3, 4, 5, 6, 7, 9]",172.1117830030131,0.9328365533771119
"[1, 3, 4, 5, 6, 7, 10]",159.77587070016466,0.8659765760148995
"[1, 3, 4, 5, 6, 8, 9]",181.27688641133443,0.9825109180579636
"[1, 3, 4, 5, 6, 8, 10]",169.01458220430453,0.9160498925932098
"[1, 3, 4, 5, 6, 9, 10]",163.9169053275619,0.888420759683422
"[1, 3, 4, 5, 7, 8, 9]",166.03872481860827,0.8999209065436834
"[1, 3, 4, 5, 7, 8, 10]",157.12202229288079,0.8515928612090824
"[1, 3, 4, 5, 7, 9, 10]",157.2350362543668,0.8522053907667727
"[1, 3, 4, 5, 8, 9, 10]",166.47374775850668,0.9022787073450829
"[1, 3, 4, 6, 7, 8, 9]",170.8962456699942,0.9262484067874346
"[1, 3, 4, 6, 7, 8, 10]",168.15535398404066,0.9113929221198909
"[1, 3, 4, 6, 7, 9, 10]",171.68757772264766,0.9305373837051927
"[1, 3, 4, 6, 8, 9, 10]",180.85268113096896,0.9802117483860442
"[1, 3, 4, 7, 8, 9, 10]",165.6145195382428,0.897621736871764
"[1, 3, 5, 6, 7, 8, 9]",167.0583566477619,0.9054472559000469
"[1, 3, 5, 6, 7, 8, 10]",164.61995943888147,0.8922312749346032
"[1, 3, 5, 6, 7, 9, 10]",157.90935383931975,0.8558601555995679
"[1, 3, 5, 6, 8, 9, 10]",167.07445724764105,0.9055345202804194
"[1, 3, 5, 7, 8, 9, 10]",151.83629565491492,0.8229445087661393
"[1, 3, 6, 7, 8, 9, 10]",166.03936074047743,0.8999243532058137
"[1, 4, 5, 6, 7, 8, 9]",180.9418884938375,0.9806952474670612
"[1, 4, 5, 6, 7, 8, 10]",168.6795842868076,0.9142342220023074
"[1, 4, 5, 6, 7, 9, 10]",172.2118080254146,0.9333786835876091
"[1, 4, 5, 6, 8, 9, 10]",181.28194287601036,0.9825383238229743
"[1, 4, 5, 7, 8, 9, 10]",166.13874984100974,0.9004630367541805
"[1, 4, 6, 7, 8, 9, 10]",180.51768321347205,0.9783960777951419
"[1, 5, 6, 7, 8, 9, 10]",166.73945933014414,0.9037188496895171
"[2, 3, 4, 5, 6, 7, 8]",170.5255922994084,0.9242394855695957
"[2, 3, 4, 5, 6, 7, 9]",172.8657171231144,0.9369228355235026
"[2, 3, 4, 5, 6, 7, 10]",160.52980482026595,0.8700628581612904
"[2, 3, 4, 5, 6, 8, 9]",183.29652754215527,0.9934572637332076
"[2, 3, 4, 5, 6, 8, 10]",170.96061523930683,0.9265972863709954
"[2, 3, 4, 5, 6, 9, 10]",172.10418017489863,0.9327953464600114
"[2, 3, 4, 5, 7, 8, 9]",148.14008943131523,0.8029112709829167
"[2, 3, 4, 5, 7, 8, 10]",147.5949247882892,0.7999565081087529
"[2, 3, 4, 5, 7, 9, 10]",138.1443019521728,0.7487346435746116
"[2, 3, 4, 5, 8, 9, 10]",148.5751123712137,0.8052690717843166
"[2, 3, 4, 6, 7, 8, 9]",172.8422787049965,0.9367958005652202
"[2, 3, 4, 6, 7, 8, 10]",170.10138701904296,0.9219403158976764
"[2, 3, 4, 6, 7, 9, 10]",172.44151184274892,0.9346236658515833
"[2, 3, 4, 6, 8, 9, 10]",182.8723222617898,0.9911580940612882
"[2, 3, 4, 7, 8, 9, 10]",147.71588415094982,0.8006121013109977
"[2, 3, 5, 6, 7, 8, 9]",169.07799777858276,0.9163936015752909
"[2, 3, 5, 6, 7, 8, 10]",166.56599247388377,0.9027786687123887
"[2, 3, 5, 6, 7, 9, 10]",158.66328795942104,0.8599464377459586
"[2, 3, 5, 6, 8, 9, 10]",169.0940983784619,0.9164808659556634
"[2, 3, 5, 7, 8, 9, 10]",133.9376602676219,0.7259348732053729
"[2, 3, 6, 7, 8, 9, 10]",168.05900187129828,0.9108706988810576
"[2, 4, 5, 6, 7, 8, 9]",182.96152962465834,0.9916415931423052
"[2, 4, 5, 6, 7, 8, 10]",170.6256173218099,0.9247816157800929
"[2, 4, 5, 6, 7, 9, 10]",172.96574214551586,0.9374649657339997
"[2, 4, 5, 6, 8, 9, 10]",183.27463449285761,0.9933386045903331
"[2, 4, 5, 7, 8, 9, 10]",148.24011445371676,0.8034534011934141
"[2, 4, 6, 7, 8, 9, 10]",182.5373243442929,0.9893424234703859
"[2, 5, 6, 7, 8, 9, 10]",168.759100460965,0.9146651953647611
"[3, 4, 5, 6, 7, 8, 9]",179.6793643240547,0.9738524347639073
"[3, 4, 5, 6, 7, 8, 10]",167.34345202120628,0.9069924574016951
"[3, 4, 5, 6, 7, 9, 10]",172.25076624221242,0.9335898350151831
"[3, 4, 5, 6, 8, 9, 10]",180.11438726395312,0.976210235565307
"[3, 4, 5, 7, 8, 9, 10]",148.57188837479202,0.8052515978981153
"[3, 4, 6, 7, 8, 9, 10]",179.25515904368925,0.971553265091988
"[3, 5, 6, 7, 8, 9, 10]",165.47693516036136,0.8968760369863633
"[4, 5, 6, 7, 8, 9, 10]",179.77938934645618,0.9743945649744045
"[1, 2, 3, 4, 5, 6, 7, 8]",171.29735831447147,0.9284224156220512
"[1, 2, 3, 4, 5, 6, 7, 9]",173.63748313817746,0.9411057655759583
"[1, 2, 3, 4, 5, 6, 7, 10]",161.30157083532902,0.8742457882137459
"[1, 2, 3, 4, 5, 6, 8, 9]",184.06829355721834,0.9976401937856632
"[1, 2, 3, 4, 5, 6, 8, 10]",171.7323812543699,0.9307802164234509
"[1, 2, 3, 4, 5, 6, 9, 10]",172.8759461899617,0.936978276512467
"[1, 2, 3, 4, 5, 7, 8, 9]",168.75652386867364,0.9146512303739245
"[1, 2, 3, 4, 5, 7, 8, 10]",159.83982134294618,0.8663231850393237
"[1, 2, 3, 4, 5, 7, 9, 10]",158.76073638953116,0.860474602965619
"[1, 2, 3, 4, 5, 8, 9, 10]",169.19154680857204,0.917009031175324
"[1, 2, 3, 4, 6, 7, 8, 9]",173.6140447200596,0.940978730617676
"[1, 2, 3, 4, 6, 7, 8, 10]",170.87315303410602,0.926123245950132
"[1, 2, 3, 4, 6, 7, 9, 10]",173.213277857812,0.9388065959040388
"[1, 2, 3, 4, 6, 8, 9, 10]",183.64408827685287,0.9953410241137438
"[1, 2, 3, 4, 7, 8, 9, 10]",168.33231858830817,0.912352060702005
"[1, 2, 3, 5, 6, 7, 8, 9]",169.84976379364582,0.9205765316277466
"[1, 2, 3, 5, 6, 7, 8, 10]",167.33775848894683,0.9069615987648443
"[1, 2, 3, 5, 6, 7, 9, 10]",159.4350539744841,0.8641293677984142
"[1, 2, 3, 5, 6, 8, 9, 10]",169.86586439352496,0.920663796008119
"[1, 2, 3, 5, 7, 8, 9, 10]",154.5540947049803,0.8376748325963804
"[1, 2, 3, 6, 7, 8, 9, 10]",168.83076788636134,0.9150536289335133
"[1, 2, 4, 5, 6, 7, 8, 9]",183.7332956397214,0.9958245231947608
"[1, 2, 4, 5, 6, 7, 8, 10]",171.39738333687296,0.9289645458325485
"[1, 2, 4, 5, 6, 7, 9, 10]",173.73750816057893,0.9416478957864554
"[1, 2, 4, 5, 6, 8, 9, 10]",184.07335002189424,0.9976675995506739
"[1, 2, 4, 5, 7, 8, 9, 10]",168.8565488910751,0.9151933605844216
"[1, 2, 4, 6, 7, 8, 9, 10]",183.30909035935596,0.9935253535228415
"[1, 2, 5, 6, 7, 8, 9, 10]",169.53086647602805,0.9188481254172167
"[1, 3, 4, 5, 6, 7, 8, 9]",181.27707141437435,0.9825119207644321
"[1, 3, 4, 5, 6, 7, 8, 10]",169.01476720734448,0.9160508952996784
"[1, 3, 4, 5, 6, 7, 9, 10]",172.54699094595148,0.9351953568849802
"[1, 3, 4, 5, 6, 8, 9, 10]",181.7120943542728,0.9848697215658319
"[1, 3, 4, 5, 7, 8, 9, 10]",166.47393276154665,0.9022797100515517
"[1, 3, 4, 6, 7, 8, 9, 10]",180.85286613400893,0.980212751092513
"[1, 3, 5, 6, 7, 8, 9, 10]",167.07464225068102,0.9055355229868882
"[1, 4, 5, 6, 7, 8, 9, 10]",181.37709643677587,0.9830540509749295
"[2, 3, 4, 5, 6, 7, 8, 9]",183.2967125451952,0.993458266439676
"[2, 3, 4, 5, 6, 7, 8, 10]",170.96080024234678,0.926598289077464
"[2, 3, 4, 5, 6, 7, 9, 10]",173.30092506605277,0.939281639031371
"[2, 3, 4, 5, 6, 8, 9, 10]",183.73173548509365,0.995816067241076
"[2, 3, 4, 5, 7, 8, 9, 10]",148.57529737425364,0.8052700744907852
"[2, 3, 4, 6, 7, 8, 9, 10]",182.87250726482978,0.991159096767757
"[2, 3, 5, 6, 7, 8, 9, 10]",169.09428338150187,0.9164818686621322
"[2, 4, 5, 6, 7, 8, 9, 10]",183.39673756759672,0.9940003966501735
"[3, 4, 5, 6, 7, 8, 9, 10]",180.11457226699306,0.9762112382717756
"[1, 2, 3, 4, 5, 6, 7, 8, 9]",184.06847856025826,0.9976411964921317
"[1, 2, 3, 4, 5, 6, 7, 8, 10]",171.73256625740984,0.9307812191299195
"[1, 2, 3, 4, 5, 6, 7, 9, 10]",174.07269108111583,0.9434645690838266
"[1, 2, 3, 4, 5, 6, 8, 9, 10]",184.50350150015672,0.9999989972935315
"[1, 2, 3, 4, 5, 7, 8, 9, 10]",169.19173181161202,0.9170100338817928
"[1, 2, 3, 4, 6, 7, 8, 9, 10]",183.64427327989284,0.9953420268202127
"[1, 2, 3, 5, 6, 7, 8, 9, 10]",169.86604939656493,0.9206647987145877
"[1, 2, 4, 5, 6, 7, 8, 9, 10]",184.16850358265978,0.9981833267026291
"[1, 3, 4, 5, 6, 7, 8, 9, 10]",181.71227935731272,0.9848707242723004
"[2, 3, 4, 5, 6, 7, 8, 9, 10]",183.73192048813357,0.9958170699475444
"[1, 2, 3, 4, 5, 6, 7, 8, 9, 10]",184.50368650319663,1.0
