Qsell,E,CVaR,rho
0.0,-1.2963723890372617e6,-8.925917679621525e6,-5.111145034329394e6
0.01,-1.2917047998275014e6,-8.914741747713525e6,-5.103223273770513e6
0.02,-1.2870372106177418e6,-8.903565815805525e6,-5.095301513211633e6
0.03,-1.2823696214079817e6,-8.892389883897517e6,-5.087379752652749e6
0.04,-1.2777020321982226e6,-8.881213951989518e6,-5.07945799209387e6
0.05,-1.2730344429884623e6,-8.870038020081516e6,-5.07153623153499e6
0.06,-1.268366853778701e6,-8.858862088173525e6,-5.063614470976113e6
0.07,-1.2636992645689426e6,-8.847686156265523e6,-5.055692710417233e6
0.08,-1.2590316753591811e6,-8.836510224357523e6,-5.047770949858353e6
0.09,-1.254364086149423e6,-8.82533429244952e6,-5.039849189299472e6
0.1,-1.249696496939662e6,-8.814158360541513e6,-5.031927428740587e6
0.11,-1.245028907729901e6,-8.80298242863352e6,-5.024005668181711e6
0.12,-1.2403613185201425e6,-8.791806496725524e6,-5.016083907622833e6
0.13,-1.2356937293103817e6,-8.780630564817527e6,-5.008162147063955e6
0.14,-1.2310261401006228e6,-8.769454632909529e6,-5.000240386505076e6
0.15,-1.226358550890862e6,-8.758278701001521e6,-4.992318625946192e6
0.16,-1.221690961681101e6,-8.747102769093527e6,-4.984396865387314e6
0.17,-1.2170233724713426e6,-8.735926837185523e6,-4.976475104828432e6
0.18,-1.212355783261581e6,-8.72475090527752e6,-4.96855334426955e6
0.19,-1.2076881940518226e6,-8.71357497336952e6,-4.960631583710671e6
0.2,-1.2030206048420616e6,-8.702399041461524e6,-4.952709823151792e6
0.21,-1.1983530156323018e6,-8.691223109553518e6,-4.94478806259291e6
0.22,-1.1936854264225422e6,-8.680047177645518e6,-4.93686630203403e6
0.23,-1.1890178372127817e6,-8.668871245737523e6,-4.928944541475153e6
0.24,-1.1843502480030225e6,-8.65769531382952e6,-4.921022780916272e6
0.25,-1.1796826587932617e6,-8.646519381921526e6,-4.913101020357394e6
0.26,-1.1750150695835014e6,-8.635343450013515e6,-4.905179259798508e6
0.27,-1.1703474803737425e6,-8.624167518105518e6,-4.89725749923963e6
0.28,-1.1656798911639818e6,-8.61299171371161e6,-4.889335802437796e6
0.29,-1.1610123019542224e6,-8.60181619695562e6,-4.881414249454921e6
0.3,-1.1563447127444625e6,-8.590640680199608e6,-4.873492696472036e6
0.31,-1.1516771235347008e6,-8.579465163443597e6,-4.8655711434891485e6
0.32,-1.1470095343249422e6,-8.568289646687595e6,-4.857649590506269e6
0.33,-1.1423419451151812e6,-8.557114129931597e6,-4.849728037523389e6
0.34,-1.1376743559054225e6,-8.545938613175603e6,-4.841806484540513e6
0.35,-1.1330067666956617e6,-8.534763096419608e6,-4.833884931557635e6
0.36,-1.1283391774859012e6,-8.523587579663614e6,-4.825963378574758e6
0.37,-1.123671588276142e6,-8.512412062907606e6,-4.818041825591874e6
0.38,-1.1190039990663815e6,-8.501236546151605e6,-4.810120272608993e6
0.39,-1.114336409856623e6,-8.490061029395603e6,-4.802198719626113e6
0.4,-1.1096688206468618e6,-8.478885512639603e6,-4.794277166643232e6
0.41,-1.1050012314371013e6,-8.4677099958836e6,-4.786355613660351e6
0.42,-1.1003336422273428e6,-8.456534479127605e6,-4.778434060677473e6
0.43,-1.095666053017581e6,-8.445358962371603e6,-4.770512507694592e6
0.44,-1.0909984638078231e6,-8.434183445615612e6,-4.762590954711718e6
0.45,-1.0863308745980621e6,-8.423007928859605e6,-4.754669401728833e6
0.46,-1.0816632853883018e6,-8.411832412103603e6,-4.746747848745952e6
0.47,-1.0769956961785425e6,-8.400656895347603e6,-4.738826295763073e6
0.48,-1.0723281069687817e6,-8.389481378591603e6,-4.730904742780192e6
0.49,-1.0676605177590228e6,-8.378305861835601e6,-4.722983189797312e6
0.5,-1.062992928549262e6,-8.367130345079605e6,-4.715061636814433e6
0.51,-1.058325339339502e6,-8.3559548283236055e6,-4.707140083831553e6
0.52,-1.0536577501297423e6,-8.344779311567604e6,-4.699218530848673e6
0.53,-1.0489901609199815e6,-8.333603794811604e6,-4.691296977865793e6
0.54,-1.0443225717102223e6,-8.322428278055606e6,-4.683375424882914e6
0.55,-1.0396549825004623e6,-8.311252761299604e6,-4.675453871900033e6
0.56,-1.0349873932907012e6,-8.300077244543601e6,-4.667532318917151e6
0.57,-1.0303198040809425e6,-8.288901727787604e6,-4.659610765934273e6
0.58,-1.0256522148711813e6,-8.2777262110316055e6,-4.651689212951394e6
0.59,-1.0209846256614226e6,-8.266550694275602e6,-4.643767659968512e6
0.6,-1.0163170364516621e6,-8.255375177519606e6,-4.635846106985634e6
0.61,-1.011649447241901e6,-8.244199660763604e6,-4.6279245540027525e6
0.62,-1.0069818580321425e6,-8.233024701656681e6,-4.620003279844412e6
0.63,-1.0023142688223816e6,-8.221853150821475e6,-4.612083709821928e6
0.64,-997646.6796126231,-8.210681599986277e6,-4.60416413979945e6
0.65,-992979.090402862,-8.199510049151079e6,-4.596244569776971e6
0.66,-988311.5011931014,-8.188338498315876e6,-4.5883249997544885e6
0.67,-983643.9119833426,-8.177166947480674e6,-4.580405429732008e6
0.68,-978976.3227735813,-8.16599539664548e6,-4.57248585970953e6
0.69,-974308.7335638226,-8.1548238458102755e6,-4.564566289687049e6
0.7,-969641.1443540616,-8.143652294975076e6,-4.556646719664569e6
0.71,-964973.5551443014,-8.132480744139875e6,-4.548727149642088e6
0.72,-960305.9659345421,-8.121309193304678e6,-4.540807579619611e6
0.73,-955638.3767247817,-8.110137642469476e6,-4.532888009597129e6
0.74,-950970.7875150228,-8.098966091634277e6,-4.52496843957465e6
0.75,-946303.1983052619,-8.0877945407990785e6,-4.51704886955217e6
0.76,-941635.6090955015,-8.076622989963879e6,-4.50912929952969e6
0.77,-936968.0198857425,-8.065451439128675e6,-4.501209729507209e6
0.78,-932300.4306759813,-8.054279888293479e6,-4.49329015948473e6
0.79,-927632.8414662225,-8.043108337458279e6,-4.4853705894622505e6
0.8,-922965.2522564625,-8.03193678662308e6,-4.477451019439772e6
0.81,-918297.6630467011,-8.02076523578788e6,-4.46953144941729e6
0.82,-913630.0738369422,-8.009593684952677e6,-4.46161187939481e6
0.83,-908962.4846271813,-7.998422134117477e6,-4.453692309372329e6
0.84,-904294.8954174212,-7.987250583282277e6,-4.4457727393498495e6
0.85,-899627.3062076623,-7.976079032447077e6,-4.43785316932737e6
0.86,-894959.7169979017,-7.96490748161188e6,-4.42993359930489e6
0.87,-890292.1277881424,-7.953735930776679e6,-4.422014029282411e6
0.88,-885624.5385783815,-7.942564379941478e6,-4.41409445925993e6
0.89,-880956.949368622,-7.93139282910628e6,-4.40617488923745e6
0.9,-876289.3601588618,-7.92022127827108e6,-4.398255319214971e6
0.91,-871621.7709491024,-7.909049727435881e6,-4.390335749192492e6
0.92,-866954.1817393426,-7.897878176600679e6,-4.382416179170011e6
0.93,-862286.5925295812,-7.88670662576548e6,-4.374496609147531e6
0.94,-857619.0033198219,-7.875535074930281e6,-4.366577039125051e6
0.95,-852951.4141100616,-7.86436352409508e6,-4.358657469102571e6
0.96,-848283.8249003022,-7.853191973259879e6,-4.350737899080091e6
0.97,-843616.2356905425,-7.842020422424679e6,-4.342818329057611e6
0.98,-838948.6464807818,-7.830848871589477e6,-4.334898759035129e6
0.99,-834281.0572710214,-7.819677320754279e6,-4.32697918901265e6
1.0,-829613.468061262,-7.80850576991908e6,-4.319059618990171e6
1.01,-824945.8788515024,-7.797334219083879e6,-4.311140048967691e6
1.02,-820278.2896417424,-7.786162668248677e6,-4.30322047894521e6
1.03,-815610.7004319818,-7.774991117413477e6,-4.295300908922729e6
1.04,-810943.1112222216,-7.763819566578277e6,-4.287381338900249e6
1.05,-806275.5220124619,-7.752648015743077e6,-4.279461768877769e6
1.06,-801607.9328027021,-7.741476464907875e6,-4.271542198855288e6
1.07,-796940.3435929425,-7.7303049140726775e6,-4.26362262883281e6
1.08,-792272.7543831817,-7.719133363237479e6,-4.25570305881033e6
1.09,-787605.1651734217,-7.707961812402279e6,-4.24778348878785e6
1.1,-782937.5759636619,-7.696790261567078e6,-4.23986391876537e6
1.11,-778269.9867539022,-7.685618710731879e6,-4.23194434874289e6
1.12,-773602.3975441426,-7.674447159896678e6,-4.224024778720411e6
1.13,-768934.8083343811,-7.6632756090614805e6,-4.216105208697931e6
1.14,-764267.219124622,-7.65210405822628e6,-4.208185638675451e6
1.15,-759599.6299148618,-7.640932507391077e6,-4.200266068652969e6
1.16,-754932.040705102,-7.629760956555878e6,-4.19234649863049e6
1.17,-750264.4514953425,-7.618589405720676e6,-4.1844269286080096e6
1.18,-745596.8622855813,-7.6074178548854785e6,-4.17650735858553e6
1.19,-740929.2730758218,-7.596246304050281e6,-4.1685877885630513e6
1.2,-736261.6838660617,-7.585074753215083e6,-4.1606682185405726e6
1.21,-731594.0946563022,-7.573903202379877e6,-4.1527486485180897e6
1.22,-726926.5054465423,-7.562731651544676e6,-4.144829078495609e6
1.23,-722258.9162367816,-7.551560100709481e6,-4.1369095084731313e6
1.24,-717591.3270270217,-7.540388549874281e6,-4.1289899384506512e6
1.25,-712923.737817262,-7.529216999039078e6,-4.12107036842817e6
1.26,-708256.1486075022,-7.5180454482038785e6,-4.11315079840569e6
1.27,-703588.5593977425,-7.50687389736868e6,-4.105231228383211e6
1.28,-698920.9701879815,-7.495702346533476e6,-4.097311658360729e6
1.29,-694253.3809782214,-7.48453079569828e6,-4.0893920883382508e6
1.3,-689585.7917684619,-7.47335924486308e6,-4.0814725183157707e6
1.31,-684918.2025587023,-7.46218769402788e6,-4.073552948293291e6
1.32,-680250.6133489427,-7.45101614319268e6,-4.0656333782708114e6
1.33,-675583.0241391816,-7.439844592357475e6,-4.0577138082483285e6
1.34,-670915.4349294214,-7.428673041522278e6,-4.04979423822585e6
1.35,-666247.845719662,-7.417501490687081e6,-4.0418746682033716e6
1.36,-661580.256509902,-7.40632993985188e6,-4.033955098180891e6
1.37,-656912.667300143,-7.395158389016679e6,-4.026035528158411e6
1.38,-652245.0780903811,-7.383986838181478e6,-4.0181159581359294e6
1.39,-647577.4888806222,-7.372815287346278e6,-4.0101963881134503e6
1.4,-642909.8996708622,-7.361643736511075e6,-4.0022768180909688e6
1.41,-638242.3104611025,-7.35047218567588e6,-3.994357248068491e6
1.42,-633574.7212513424,-7.33930063484068e6,-3.9864376780460114e6
1.43,-628907.1320415816,-7.3281311930549815e6,-3.9785191625482817e6
1.44,-624239.542831822,-7.316962761667786e6,-3.970601152249804e6
1.45,-619571.9536220618,-7.305794330280584e6,-3.962683141951323e6
1.46,-614904.3644123022,-7.294625898893384e6,-3.954765131652843e6
1.47,-610236.7752025424,-7.283457467506182e6,-3.9468471213543625e6
1.48,-605569.1859927819,-7.272289036118982e6,-3.938929111055882e6
1.49,-600901.5967830215,-7.261120604731784e6,-3.931011100757403e6
1.5,-596234.0075732619,-7.249952173344582e6,-3.923093090458922e6
1.51,-591566.4183635022,-7.238783741957388e6,-3.915175080160445e6
1.52,-586898.8291537421,-7.227615310570187e6,-3.9072570698619643e6
1.53,-582231.2399439818,-7.216446879182985e6,-3.8993390595634836e6
1.54,-577563.6507342213,-7.205278447795785e6,-3.8914210492650033e6
1.55,-572896.061524462,-7.194110016408585e6,-3.8835030389665235e6
1.56,-568228.4723147023,-7.182941585021385e6,-3.8755850286680437e6
1.57,-563560.8831049426,-7.171773153634187e6,-3.867667018369565e6
1.58,-558893.2938951814,-7.160604722246985e6,-3.859749008071083e6
1.59,-554225.7046854214,-7.149436290859785e6,-3.8518309977726033e6
1.6,-549558.1154756619,-7.138267859472583e6,-3.8439129874741226e6
1.61,-544890.5262659021,-7.127099428085384e6,-3.835994977175643e6
1.62,-540222.9370561426,-7.115930996698184e6,-3.8280769668771634e6
1.63,-535555.3478463815,-7.104762565310984e6,-3.8201589565786826e6
1.64,-530887.758636622,-7.0935951326754065e6,-3.812241445656014e6
1.65,-526220.1694268619,-7.082429069440204e6,-3.804324619433533e6
1.66,-521552.58021710214,-7.071263006205004e6,-3.796407793211053e6
1.67,-516884.99100734235,-7.060096942969804e6,-3.788490966988573e6
1.68,-512217.40179758135,-7.048930879734604e6,-3.7805741407660926e6
1.69,-507549.8125878217,-7.037764816499406e6,-3.7726573145436137e6
1.7,-502882.2233780615,-7.0265987532642055e6,-3.7647404883211334e6
1.71,-498214.6341683021,-7.015432690029004e6,-3.7568236620986527e6
1.72,-493547.04495854245,-7.004266626793806e6,-3.7489068358761743e6
1.73,-488879.45574878156,-6.993100563558602e6,-3.7409900096536917e6
1.74,-484211.8665390215,-6.981934500323404e6,-3.733073183431213e6
1.75,-479544.27732926176,-6.970768437088204e6,-3.7251563572087325e6
1.76,-474876.6881195025,-6.9596023738530055e6,-3.717239530986254e6
1.77,-470209.0989097421,-6.9484363106178045e6,-3.7093227047637734e6
1.78,-465541.50969998154,-6.937270247382602e6,-3.7014058785412917e6
1.79,-460873.9204902216,-6.926104184147403e6,-3.6934890523188123e6
1.8,-456206.3312804622,-6.914938120912206e6,-3.6855722260963344e6
1.81,-451538.7420707024,-6.903772057677005e6,-3.677655399873854e6
1.82,-446871.15286094253,-6.892605994441807e6,-3.669738573651375e6
1.83,-442203.56365118135,-6.881439931206607e6,-3.6618217474288945e6
1.84,-437535.97444142133,-6.870273867971405e6,-3.6539049212064133e6
1.85,-432868.385231662,-6.859107804736203e6,-3.645988094983932e6
1.86,-428200.7960219011,-6.847941741501004e6,-3.6380712687614528e6
1.87,-423533.2068121426,-6.836775678265804e6,-3.6301544425389734e6
1.88,-418865.6176023813,-6.825609615030603e6,-3.6222376163164917e6
1.89,-414198.02839262283,-6.814443551795403e6,-3.614320790094013e6
1.9,-409530.4391828618,-6.803277488560204e6,-3.606403963871533e6
1.91,-404862.8499731023,-6.792111425325007e6,-3.5984871376490546e6
1.92,-400195.26076334226,-6.780945362089804e6,-3.5905703114265734e6
1.93,-395527.6715535815,-6.769779298854602e6,-3.5826534852040913e6
1.94,-390860.0823438224,-6.758613235619406e6,-3.5747366589816143e6
1.95,-386192.4931340617,-6.747447172384205e6,-3.5668198327591335e6
1.96,-381524.90392430226,-6.736281109149005e6,-3.5589030065366537e6
1.97,-376857.3147145422,-6.725115045913807e6,-3.550986180314175e6
1.98,-372189.72550478164,-6.713948982678604e6,-3.543069354091693e6
1.99,-367522.1362950215,-6.702782919443404e6,-3.535152527869213e6
2.0,-362854.54708526214,-6.691616856208204e6,-3.527235701646733e6
2.01,-358186.9578755021,-6.680450792973005e6,-3.5193188754242538e6
2.02,-353519.36866574216,-6.669284729737809e6,-3.5114020492017753e6
2.03,-348851.7794559814,-6.658118666502604e6,-3.5034852229792927e6
2.04,-344184.1902462216,-6.646952603267402e6,-3.495568396756812e6
2.05,-339516.601036462,-6.635786540032205e6,-3.4876515705343336e6
2.06,-334849.0118267011,-6.624620476797001e6,-3.4797347443118514e6
2.07,-330181.4226169423,-6.613454413561807e6,-3.471817918089375e6
2.08,-325513.83340718155,-6.602288350326603e6,-3.4639010918668923e6
2.09,-320846.2441974225,-6.591122287091405e6,-3.455984265644414e6
2.1,-316178.65498766187,-6.579956703453204e6,-3.448067679220433e6
2.11,-311511.0657779019,-6.568792766882004e6,-3.440151916329953e6
2.12,-306843.47656814265,-6.557628830310804e6,-3.4322361534394734e6
2.13,-302175.8873583813,-6.546464893739606e6,-3.424320390548994e6
2.14,-297508.2981486219,-6.535300957168404e6,-3.416404627658513e6
2.15,-292840.7089388618,-6.524137020597206e6,-3.4084888647680343e6
2.16,-288173.11972910137,-6.512973084026006e6,-3.400573101877554e6
2.17,-283505.53051934217,-6.501809147454806e6,-3.392657338987074e6
2.18,-278837.9413095814,-6.490645210883605e6,-3.3847415760965934e6
2.19,-274170.3520998226,-6.479481274312409e6,-3.3768258132061157e6
2.2,-269502.7628900618,-6.4683173377412055e6,-3.3689100503156334e6
2.21,-264835.17368030234,-6.457153401170005e6,-3.360994287425154e6
2.22,-260167.58447054256,-6.445989464598805e6,-3.3530785245346734e6
2.23,-255499.9952607817,-6.434825528027606e6,-3.345162761644194e6
2.24,-250832.40605102177,-6.423661591456404e6,-3.337246998753713e6
2.25,-246164.81684126196,-6.4124976548852045e6,-3.3293312358632335e6
2.26,-241497.22763150203,-6.401333718314005e6,-3.3214154729727535e6
2.27,-236829.63842174227,-6.390169781742806e6,-3.313499710082274e6
2.28,-232162.04921198142,-6.379005845171606e6,-3.305583947191794e6
2.29,-227494.4600022216,-6.367841908600405e6,-3.297668184301313e6
2.3,-222826.87079246197,-6.356677972029206e6,-3.289752421410834e6
2.31,-218159.2815827013,-6.345514035458006e6,-3.2818366585203535e6
2.32,-213491.69237294252,-6.334350098886807e6,-3.273920895629875e6
2.33,-208824.10316318148,-6.323186162315604e6,-3.266005132739393e6
2.34,-204156.5139534226,-6.312022225744405e6,-3.2580893698489135e6
2.35,-199488.924743662,-6.3008582891732035e6,-3.2501736069584326e6
2.36,-194821.33553390193,-6.289694352602009e6,-3.2422578440679554e6
2.37,-190153.74632414276,-6.278530416030806e6,-3.234342081177474e6
2.38,-185486.15711438138,-6.267366479459606e6,-3.2264263182869935e6
2.39,-180818.5679046219,-6.256202542888403e6,-3.2185105553965126e6
2.4,-176150.97869486205,-6.245038606317202e6,-3.2105947925060317e6
2.41,-171483.38948510133,-6.233874669746003e6,-3.202679029615552e6
2.42,-166815.80027534216,-6.222710733174806e6,-3.1947632667250745e6
2.43,-162148.2110655814,-6.211546807949582e6,-3.1868475095075816e6
2.44,-157480.6218558226,-6.200384119546385e6,-3.1789323707011035e6
2.45,-152813.03264606203,-6.189221431143186e6,-3.171017231894624e6
2.46,-148145.44343630242,-6.178058742739985e6,-3.1631020930881435e6
2.47,-143477.8542265424,-6.1668960543367835e6,-3.155186954281663e6
2.48,-138810.26501678163,-6.155733365933585e6,-3.1472718154751835e6
2.49,-134142.67580702194,-6.144570677530388e6,-3.139356676668705e6
2.5,-129475.08659726196,-6.133407989127187e6,-3.1314415378622245e6
2.51,-124807.49738750214,-6.122245300723987e6,-3.1235263990557445e6
2.52,-120139.90817774211,-6.111082612320788e6,-3.115611260249265e6
2.53,-115472.31896798137,-6.099919923917585e6,-3.107696121442783e6
2.54,-110804.7297582216,-6.088757235514385e6,-3.099780982636303e6
2.55,-106137.1405484618,-6.0775945471111825e6,-3.0918658438298223e6
2.56,-101469.5513387014,-6.066431858707987e6,-3.083950705023344e6
2.57,-96801.96212894258,-6.055269170304786e6,-3.0760355662168646e6
2.58,-92134.37291918155,-6.0441064819015805e6,-3.068120427410381e6
2.59,-87466.78370942257,-6.032943793498385e6,-3.0602052886039037e6
2.6,-82799.1944996618,-6.021781105095182e6,-3.052290149797422e6
2.61,-78131.60528990174,-6.010618416691984e6,-3.044375010990943e6
2.62,-73464.01608014274,-5.999455728288785e6,-3.036459872184464e6
2.63,-68796.42687038121,-5.988293039885584e6,-3.028544733377983e6
2.64,-64128.83766062197,-5.977130351482383e6,-3.0206295945715024e6
2.65,-59461.24845086196,-5.965967663079184e6,-3.012714455765023e6
2.66,-54793.6592411013,-5.954804974675982e6,-3.004799316958542e6
2.67,-50126.070031342446,-5.943642286272782e6,-2.996884178152062e6
2.68,-45458.48082158139,-5.932479597869583e6,-2.9889690393455825e6
2.69,-40790.891611822575,-5.92131690946639e6,-2.981053900539106e6
2.7,-36123.30240206188,-5.910154221063186e6,-2.9731387617326244e6
2.71,-31455.713192302286,-5.898991532659988e6,-2.9652236229261453e6
2.72,-26788.123982542544,-5.887828844256787e6,-2.9573084841196644e6
2.73,-22120.53477278164,-5.876666155853584e6,-2.949393345313183e6
2.74,-17452.94556302175,-5.865503467450383e6,-2.9414782065067026e6
2.75,-12785.356353261917,-5.854340779047185e6,-2.933563067700223e6
2.76,-8117.767143502176,-5.843178090643988e6,-2.925647928893745e6
2.77,-3450.177933742106,-5.832015402240787e6,-2.9177327900872645e6
2.78,1217.411276018858,-5.8208527138375845e6,-2.9098176512807827e6
2.79,5885.000485778541,-5.809690025434385e6,-2.901902512474303e6
2.8,10552.589695538043,-5.798527337031185e6,-2.893987373667823e6
2.81,15220.17890529868,-5.787364648627984e6,-2.8860722348613427e6
2.82,19887.768115057675,-5.776201960224787e6,-2.8781570960548646e6
2.83,24555.35732481837,-5.765042554465796e6,-2.870243598570489e6
2.84,29222.94653457737,-5.753887310598602e6,-2.862332182032012e6
2.85,33890.535744338034,-5.742732066731402e6,-2.8544207654935317e6
2.86,38558.12495409828,-5.7315768228642e6,-2.846509348955051e6
2.87,43225.71416385746,-5.720421578997001e6,-2.838597932416572e6
2.88,47893.30337361863,-5.7092663351298e6,-2.8306865158780906e6
2.89,52560.8925833779,-5.6981110912626e6,-2.8227750993396114e6
2.9,57228.48179313818,-5.686955847395401e6,-2.8148636828011316e6
2.91,61896.07100289861,-5.675800603528201e6,-2.806952266262651e6
2.92,66563.66021265772,-5.664645359661002e6,-2.799040849724172e6
2.93,71231.2494224186,-5.653490115793799e6,-2.79112943318569e6
2.94,75898.8386321775,-5.642334871926601e6,-2.7832180166472117e6
2.95,80566.42784193814,-5.631179628059402e6,-2.775306600108732e6
2.96,85234.01705169758,-5.6200243841922e6,-2.7673951835702513e6
2.97,89901.6062614574,-5.608869140324999e6,-2.7594837670317707e6
2.98,94569.19547121819,-5.5977138964578e6,-2.751572350493291e6
2.99,99236.78468097813,-5.586558652590602e6,-2.7436609339548117e6
3.0,103904.37389073816,-5.575403408723401e6,-2.7357495174163315e6
3.01,108571.96310049806,-5.5642481648562e6,-2.7278381008778512e6
3.02,113239.55231025774,-5.553092920989001e6,-2.7199266843393715e6
3.03,117907.14152001876,-5.541937677121798e6,-2.7120152678008894e6
3.04,122574.73072977846,-5.5307824332546005e6,-2.704103851262411e6
3.05,127242.31993953799,-5.519627189387398e6,-2.69619243472393e6
3.06,131909.9091492987,-5.5084719455202e6,-2.6882810181854507e6
3.07,136577.49835905773,-5.497316701653001e6,-2.6803696016469714e6
3.08,141245.0875688184,-5.4861614577858e6,-2.6724581851084908e6
3.09,145912.6767785775,-5.475006213918602e6,-2.6645467685700124e6
3.1,150580.2659883381,-5.4638509700514e6,-2.6566353520315313e6
3.11,155247.85519809823,-5.4526957261842005e6,-2.648723935493051e6
3.12,159915.4444078574,-5.441540482317001e6,-2.640812518954572e6
3.13,164583.03361761864,-5.430385238449802e6,-2.6329011024160916e6
3.14,169250.622827378,-5.419229994582605e6,-2.6249896858776133e6
3.15,173918.2120371379,-5.408074750715401e6,-2.6170782693391317e6
3.16,178585.80124689883,-5.396919506848198e6,-2.6091668528006496e6
3.17,183253.39045665765,-5.385764262981002e6,-2.601255436262172e6
3.18,187920.9796664186,-5.3746090191138005e6,-2.593344019723691e6
3.19,192588.56887617748,-5.363453775246601e6,-2.585432603185212e6
3.2,197256.15808593822,-5.352298531379404e6,-2.5775211866467325e6
3.21,201923.74729569769,-5.341143287512202e6,-2.569609770108252e6
3.22,206591.33650545756,-5.329988043645e6,-2.561698353569771e6
3.23,211258.92571521841,-5.3188327997778e6,-2.553786937031291e6
3.24,215926.51492497817,-5.307677555910601e6,-2.5458755204928117e6
3.25,220594.10413473815,-5.296524909053502e6,-2.5379654024593816e6
3.26,225261.6933444979,-5.2853792048023e6,-2.530058755728901e6
3.27,229929.28255425786,-5.274233500551098e6,-2.52215210899842e6
3.28,234596.87176401878,-5.2630877962999e6,-2.5142454622679404e6
3.29,239264.4609737785,-5.251942092048701e6,-2.506338815537461e6
3.3,243932.05018353803,-5.240796387797497e6,-2.4984321688069794e6
3.31,248599.63939329842,-5.229652477046433e6,-2.490526418826567e6
3.32,253267.2286030575,-5.218511221003237e6,-2.48262199620009e6
3.33,257934.81781281848,-5.207369964960038e6,-2.47471757357361e6
3.34,262602.40702257754,-5.196228708916837e6,-2.46681315094713e6
3.35,267269.996232338,-5.185087452873634e6,-2.458908728320648e6
3.36,271937.5854420981,-5.1739461968304375e6,-2.45100430569417e6
3.37,276605.1746518573,-5.162804940787234e6,-2.4430998830676884e6
3.38,281272.7638616186,-5.151663684744033e6,-2.435195460441207e6
3.39,285940.3530713781,-5.14052242870084e6,-2.427291037814731e6
3.4,290607.94228113804,-5.129381172657637e6,-2.4193866151882494e6
3.41,295275.53149089875,-5.1182399166144375e6,-2.4114821925617694e6
3.42,299943.1207006576,-5.107098660571236e6,-2.4035777699352894e6
3.43,304610.70991041855,-5.095957404528036e6,-2.3956733473088085e6
3.44,309278.29912017746,-5.084816148484837e6,-2.38776892468233e6
3.45,313945.8883299382,-5.073674892441635e6,-2.3798645020558485e6
3.46,318613.4775396978,-5.06253363639844e6,-2.3719600794293713e6
3.47,323281.0667494574,-5.051392380355239e6,-2.364055656802891e6
3.48,327948.6559592182,-5.040251124312038e6,-2.35615123417641e6
3.49,332616.24516897823,-5.029109868268835e6,-2.3482468115499285e6
3.5,337283.8343787381,-5.017979198213742e6,-2.340347681917502e6
3.51,341951.42358849803,-5.006852145737747e6,-2.3324503610746246e6
3.52,346619.0127982579,-4.995725093261747e6,-2.3245530402317443e6
3.53,351286.6020080189,-4.984598040785746e6,-2.3166557193888635e6
3.54,355954.19121777837,-4.973470988309745e6,-2.3087583985459832e6
3.55,360621.78042753815,-4.962343935833745e6,-2.3008610777031034e6
3.56,365289.36963729875,-4.951216883357745e6,-2.292963756860223e6
3.57,369956.95884705754,-4.940089830881744e6,-2.285066436017343e6
3.58,374624.54805681837,-4.928962778405746e6,-2.277169115174464e6
3.59,379292.13726657734,-4.917835725929745e6,-2.2692717943315837e6
3.6,383959.72647633817,-4.906708673453743e6,-2.2613744734887024e6
3.61,388627.3156860981,-4.895581620977746e6,-2.253477152645824e6
3.62,393294.90489585727,-4.884454568501744e6,-2.2455798318029437e6
3.63,397962.4941056188,-4.873327516025744e6,-2.237682510960063e6
3.64,402630.08331537794,-4.862200463549742e6,-2.2297851901171817e6
3.65,407297.6725251379,-4.851073411073745e6,-2.221887869274304e6
3.66,411965.26173489774,-4.839946358597745e6,-2.2139905484314235e6
3.67,416632.8509446576,-4.828819306121742e6,-2.2060932275885423e6
3.68,421300.4401544186,-4.817692253645745e6,-2.1981959067456634e6
3.69,425968.0293641784,-4.806565201169746e6,-2.190298585902784e6
3.7,430635.6185739381,-4.795438148693746e6,-2.1824012650599037e6
3.71,435303.2077836976,-4.78431109621775e6,-2.1745039442170262e6
3.72,439970.7969934583,-4.773184043741748e6,-2.1666066233741445e6
3.73,444638.3862032184,-4.762056991265747e6,-2.1587093025312643e6
3.74,449305.97541297803,-4.750929938789749e6,-2.1508119816883854e6
3.75,453973.5646227381,-4.739802886313749e6,-2.142914660845505e6
3.76,458641.153832498,-4.728675833837747e6,-2.1350173400026243e6
3.77,463308.74304225773,-4.717548781361745e6,-2.1271200191597436e6
3.78,467976.332252018,-4.706421728885749e6,-2.1192226983168656e6
3.79,472643.9214617785,-4.695294676409746e6,-2.1113253774739834e6
3.8,477311.51067153795,-4.684167623933746e6,-2.1034280566311036e6
3.81,481979.0998812978,-4.673040571457747e6,-2.0955307357882247e6
3.82,486646.6890910575,-4.661913518981745e6,-2.0876334149453435e6
3.83,491314.2783008186,-4.650786466505746e6,-2.079736094102464e6
3.84,495981.86751057854,-4.639659414029745e6,-2.0718387732595834e6
3.85,500649.4567203382,-4.628532361553746e6,-2.063941452416704e6
3.86,505317.04593009804,-4.617405309077747e6,-2.0560441315738247e6
3.87,509984.63513985835,-4.606278256601747e6,-2.0481468107309444e6
3.88,514652.22434961784,-4.595151204125747e6,-2.0402494898880646e6
3.89,519319.81355937815,-4.584024151649745e6,-2.0323521690451836e6
3.9,523987.402769138,-4.572897099173745e6,-2.0244548482023035e6
3.91,528654.9919788977,-4.561770046697746e6,-2.0165575273594242e6
3.92,533322.5811886578,-4.550642994221749e6,-2.0086602065165455e6
3.93,537990.1703984187,-4.539515941745748e6,-2.0007628856736645e6
3.94,542657.7596081785,-4.528388889269747e6,-1.9928655648307842e6
3.95,547325.3488179381,-4.517261836793748e6,-1.9849682439879049e6
3.96,551992.9380276978,-4.506136853682026e6,-1.9770719578271643e6
3.97,556660.5272374584,-4.495012083054029e6,-1.9691757779082856e6
3.98,561328.1164472183,-4.48388731242603e6,-1.9612795979894057e6
3.99,565995.7056569782,-4.472762541798022e6,-1.9533834180705217e6
4.0,570663.294866738,-4.46163777117003e6,-1.9454872381516462e6
4.01,575330.884076498,-4.4505171678552e6,-1.9375931418893512e6
4.02,579998.4732862578,-4.439406307970403e6,-1.9297039173420724e6
4.03,584666.0624960181,-4.4282954480856e6,-1.9218146927947907e6
4.04,589333.6517057784,-4.417184588200803e6,-1.9139254682475124e6
4.05,594001.240915538,-4.406073728316002e6,-1.906036243700232e6
4.06,598668.8301252982,-4.394964589172438e6,-1.8981478795235697e6
4.07,603336.4193350584,-4.3838555910732355e6,-1.8902595858690885e6
4.08,608004.0085448185,-4.372746592974038e6,-1.8823712922146097e6
4.09,612671.5977545785,-4.361637594874836e6,-1.8744829985601285e6
4.1,617339.1869643384,-4.350528596775632e6,-1.8665947049056469e6
4.11,622006.7761740987,-4.339419598676435e6,-1.858706411251168e6
4.12,626674.3653838583,-4.328310600577235e6,-1.8508181175966884e6
4.13,631341.9545936177,-4.317201602478036e6,-1.8429298239422091e6
4.14,636009.5438033774,-4.306092604378838e6,-1.8350415302877303e6
4.15,640677.133013138,-4.294983606279635e6,-1.8271532366332484e6
4.16,645344.7222228978,-4.283874608180435e6,-1.8192649429787688e6
4.17,650012.3114326576,-4.272765610081235e6,-1.8113766493242886e6
4.18,654679.9006424178,-4.2616566119820345e6,-1.8034883556698083e6
4.19,659347.4898521778,-4.250547613882833e6,-1.7956000620153276e6
4.2,664015.0790619382,-4.239438615783635e6,-1.787711768360848e6
4.21,668682.6682716977,-4.228329617684438e6,-1.7798234747063702e6
4.22,673350.257481458,-4.217220619585234e6,-1.7719351810518878e6
4.23,678017.8466912183,-4.206111621486035e6,-1.7640468873974085e6
4.24,682685.435900978,-4.195002623386836e6,-1.756158593742929e6
4.25,687353.0251107379,-4.1838936252876353e6,-1.7482703000884487e6
4.26,692020.6143204978,-4.1727846271884344e6,-1.7403820064339682e6
4.27,696688.2035302578,-4.161675629089237e6,-1.7324937127794898e6
4.28,701355.792740018,-4.150566630990035e6,-1.7246054191250084e6
4.29,706023.3819497784,-4.139457632890835e6,-1.7167171254705284e6
4.3,710690.971159538,-4.128348634791637e6,-1.7088288318160493e6
4.31,715358.5603692983,-4.117239636692436e6,-1.7009405381615688e6
4.32,720026.1495790583,-4.1061306385932313e6,-1.6930522445070865e6
4.33,724693.7387888186,-4.0950216404940346e6,-1.685163950852608e6
4.34,729361.3279985783,-4.083912642394835e6,-1.6772756571981283e6
4.35,734028.9172083385,-4.0728036442956356e6,-1.6693873635436485e6
4.36,738696.5064180987,-4.0616946461964333e6,-1.6614990698891673e6
4.37,743364.0956278583,-4.0505856480972357e6,-1.6536107762346887e6
4.38,748031.6848376179,-4.0394766499980357e6,-1.645722482580209e6
4.39,752699.2740473775,-4.028367651898835e6,-1.6378341889257287e6
4.4,757366.8632571381,-4.0172592292199214e6,-1.6299461829813917e6
4.41,762034.4524668979,-4.0061510722007216e6,-1.6220583098669117e6
4.42,766702.0416766576,-3.995042915181521e6,-1.6141704367524316e6
4.43,771369.6308864177,-3.9839347581623215e6,-1.6062825636379519e6
4.44,776037.2200961779,-3.97282660114312e6,-1.598394690523471e6
4.45,780704.809305938,-3.9617184441239205e6,-1.5905068174089913e6
4.46,785372.3985156977,-3.950610287104721e6,-1.5826189442945118e6
4.47,790039.9877254579,-3.9395021300855195e6,-1.5747310711800307e6
4.48,794707.5769352183,-3.928393973066323e6,-1.5668431980655524e6
4.49,799375.1661449779,-3.9172858160471204e6,-1.5589553249510713e6
4.5,804042.7553547381,-3.9061776590279215e6,-1.5510674518365916e6
4.51,808710.3445644979,-3.8950695020087194e6,-1.5431795787221107e6
4.52,813377.9337742581,-3.8839613449895214e6,-1.5352917056076317e6
4.53,818045.5229840177,-3.8728531879703184e6,-1.5274038324931504e6
4.54,822713.1121937785,-3.86174503095112e6,-1.5195159593786707e6
4.55,827380.7014035378,-3.8506368739319206e6,-1.5116280862641914e6
4.56,832048.2906132982,-3.8395287169127204e6,-1.503740213149711e6
4.57,836715.8798230586,-3.8284205598935205e6,-1.4958523400352309e6
4.58,841383.4690328186,-3.8173124028743193e6,-1.4879644669207504e6
4.59,846051.0582425785,-3.8062042458551186e6,-1.48007659380627e6
4.6,850718.6474523385,-3.795096088835919e6,-1.47218872069179e6
4.61,855386.2366620984,-3.783987931816722e6,-1.4643008475773116e6
4.62,860053.8258718586,-3.7728797747975215e6,-1.4564129744628314e6
4.63,864721.4150816179,-3.761774562825209e6,-1.4485265738717956e6
4.64,869389.0042913773,-3.7506807877964084e6,-1.4406458917525155e6
4.65,874056.5935011379,-3.7395870127676055e6,-1.4327652096332337e6
4.66,878724.1827108976,-3.728493237738807e6,-1.4248845275139548e6
4.67,883391.7719206576,-3.7173994627100085e6,-1.4170038453946754e6
4.68,888059.3611304178,-3.7063056876812065e6,-1.4091231632753944e6
4.69,892726.9503401775,-3.695211912652408e6,-1.4012424811561152e6
4.7,897394.539549938,-3.684118137623607e6,-1.3933617990368346e6
4.71,902062.1287596977,-3.6730243625948066e6,-1.3854811169175545e6
4.72,906729.7179694581,-3.66193058756601e6,-1.377600434798276e6
4.73,911397.3071792183,-3.6508368125372073e6,-1.3697197526789946e6
4.74,916064.896388978,-3.6397430375084076e6,-1.361839070559715e6
4.75,920732.485598738,-3.6286492624796056e6,-1.353958388440434e6
4.76,925400.074808498,-3.6175554874508083e6,-1.3460777063211552e6
4.77,930067.6640182576,-3.606461712422008e6,-1.3381970242018753e6
4.78,934735.2532280181,-3.595367937393206e6,-1.330316342082594e6
4.79,939402.8424377785,-3.584274162364405e6,-1.3224356599633133e6
4.8,944070.431647538,-3.573180387335606e6,-1.3145549778440339e6
4.81,948738.0208572984,-3.5620866123068067e6,-1.3066742957247542e6
4.82,953405.6100670586,-3.5509928372780066e6,-1.2987936136054741e6
4.83,958073.1992768184,-3.5398991661570566e6,-1.290912983440119e6
4.84,962740.7884865785,-3.528805806280257e6,-1.2830325088968393e6
4.85,967408.3776963383,-3.517712446403455e6,-1.2751520343535584e6
4.86,972075.9669060989,-3.5066190865266575e6,-1.2672715598102794e6
4.87,976743.5561158585,-3.4955257266498557e6,-1.2593910852669985e6
4.88,981411.1453256177,-3.4844323667730573e6,-1.2515106107237197e6
4.89,986078.7345353775,-3.473342444418604e6,-1.2436318549416133e6
4.9,990746.3237451378,-3.462253990245002e6,-1.2357538332499322e6
4.91,995413.9129548977,-3.4511655360714025e6,-1.2278758115582524e6
4.92,1.0000815021646576e6,-3.440077081897801e6,-1.2199977898665715e6
4.93,1.0047490913744175e6,-3.429014455725683e6,-1.2121326821756326e6
4.94,1.0094166805841777e6,-3.4179672792128045e6,-1.2042752993143133e6
4.95,1.0140842697939381e6,-3.406930482144806e6,-1.1964231061754338e6
4.96,1.0187518590036979e6,-3.3958936850768058e6,-1.188570913036554e6
4.97,1.023419448213458e6,-3.3848568880088064e6,-1.1807187198976742e6
4.98,1.0280870374232183e6,-3.373820090940806e6,-1.172866526758794e6
4.99,1.0327546266329781e6,-3.36278421610757e6,-1.165014794737296e6
5.0,1.037422215842738e6,-3.351750070326769e6,-1.1571639272420155e6
5.01,1.0420898050524979e6,-3.3407159245459684e6,-1.1493130597467353e6
5.02,1.0467573942622582e6,-3.329681778765168e6,-1.141462192251455e6
5.03,1.051424983472018e6,-3.31864763298437e6,-1.133611324756176e6
5.04,1.0560925726817786e6,-3.3076134872035705e6,-1.125760457260896e6
5.05,1.0607601618915382e6,-3.2965793414227692e6,-1.1179095897656155e6
5.06,1.0654277511012983e6,-3.2855451956419703e6,-1.110058722270336e6
5.07,1.0700953403110583e6,-3.274511049861168e6,-1.1022078547750548e6
5.08,1.0747629295208184e6,-3.263476904080369e6,-1.0943569872797753e6
5.09,1.0794305187305785e6,-3.2524427582995696e6,-1.0865061197844956e6
5.1,1.0840981079403386e6,-3.2414086125187697e6,-1.0786552522892156e6
5.11,1.0887656971500989e6,-3.23037446673797e6,-1.0708043847939353e6
5.12,1.0934332863598585e6,-3.219340320957167e6,-1.0629535172986542e6
5.13,1.0981008755696178e6,-3.2083061751763714e6,-1.0551026498033768e6
5.14,1.1027684647793772e6,-3.1972720293955714e6,-1.0472517823080971e6
5.15,1.107436053989138e6,-3.1862378836147664e6,-1.0394009148128142e6
5.16,1.1121036431988976e6,-3.175203737833972e6,-1.0315500473175372e6
5.17,1.116771232408658e6,-3.1641695920531694e6,-1.0236991798222557e6
5.18,1.1214388216184177e6,-3.15313544627237e6,-1.0158483123269761e6
5.19,1.1261064108281778e6,-3.1421025906576226e6,-1.0079980899147224e6
5.2,1.1307740000379381e6,-3.131073470292024e6,-1.0001497351270429e6
5.21,1.1354415892476977e6,-3.120044349926423e6,-992301.3803393625
5.22,1.140109178457458e6,-3.1090152295608246e6,-984453.0255516833
5.23,1.1447767676672179e6,-3.097986109195222e6,-976604.6707640021
5.24,1.1494443568769784e6,-3.0869569888296216e6,-968756.3159763216
5.25,1.154111946086738e6,-3.075927868464024e6,-960907.9611886429
5.26,1.1587795352964979e6,-3.0648987480984232e6,-953059.6064009627
5.27,1.163447124506258e6,-3.053869627732824e6,-945211.2516132831
5.28,1.1681147137160182e6,-3.0428405073672235e6,-937362.8968256026
5.29,1.1727823029257783e6,-3.031811387001623e6,-929514.5420379223
5.3,1.1774498921355382e6,-3.0207822666360238e6,-921666.1872502428
5.31,1.1821174813452982e6,-3.0097531462704213e6,-913817.8324625615
5.32,1.1867850705550585e6,-2.998724025904823e6,-905969.4776748823
5.33,1.1914526597648184e6,-2.987694905539223e6,-898121.1228872023
5.34,1.1961202489745785e6,-2.9766657851736224e6,-890272.768099522
5.35,1.2007878381843385e6,-2.9656788478613636e6,-882445.5048385125
5.36,1.2054554273940988e6,-2.9547096214877623e6,-874627.0970468317
5.37,1.2101230166038584e6,-2.943740395114165e6,-866808.6892551532
5.38,1.2147906058136178e6,-2.9327711687405664e6,-858990.2814634743
5.39,1.2194581950233777e6,-2.921801942366966e6,-851171.8736717942
5.4,1.2241257842331377e6,-2.910832715993365e6,-843353.4658801135
5.41,1.2287933734428983e6,-2.8998634896197654e6,-835535.0580884336
5.42,1.2334609626526576e6,-2.8888942632461637e6,-827716.650296753
5.43,1.2381285518624177e6,-2.877925036872564e6,-819898.2425050731
5.44,1.2427961410721776e6,-2.8669558104989636e6,-812079.834713393
5.45,1.247463730281938e6,-2.8559865841253647e6,-804261.4269217133
5.46,1.2521313194916975e6,-2.845017357751765e6,-796443.0191300337
5.47,1.2567989087014582e6,-2.8340481313781636e6,-788624.6113383527
5.48,1.261466497911218e6,-2.8230789050045637e6,-780806.2035466728
5.49,1.2661340871209784e6,-2.8121096786309644e6,-772987.795754993
5.5,1.270801676330738e6,-2.8011404522573636e6,-765169.3879633128
5.51,1.2754692655404978e6,-2.7901721885116594e6,-757351.4614855808
5.52,1.280136854750258e6,-2.7792041014252584e6,-749533.6233375003
5.53,1.2848044439600182e6,-2.768236014338859e6,-741715.7851894203
5.54,1.2894720331697788e6,-2.757267927252459e6,-733897.94704134
5.55,1.2941396223795381e6,-2.746311325784414e6,-726085.851702438
5.56,1.2988072115892984e6,-2.7353577551628174e6,-718275.2717867595
5.57,1.3034748007990583e6,-2.7244041845412143e6,-710464.691871078
5.58,1.3081423900088184e6,-2.713450613919616e6,-702654.1119553989
5.59,1.3128099792185787e6,-2.7025283367272248e6,-694859.178754323
5.6,1.3174775684283385e6,-2.6918017008992247e6,-687162.0662354431
5.61,1.3221451576380988e6,-2.681075065071223e6,-679464.953716562
5.62,1.326812746847859e6,-2.6703495507106697e6,-671768.4019314054
5.63,1.3314803360576176e6,-2.659630761449873e6,-664075.2126961277
5.64,1.3361479252673774e6,-2.648911972189075e6,-656382.0234608487
5.65,1.3408155144771375e6,-2.638193182928274e6,-648688.8342255682
5.66,1.3454831036868978e6,-2.6274743936674735e6,-640995.6449902878
5.67,1.3501506928966576e6,-2.616805796286083e6,-633327.5516947126
5.68,1.3548182821064177e6,-2.606138352152483e6,-625660.0350230327
5.69,1.3594858713161778e6,-2.5954709080188805e6,-617992.5183513514
5.7,1.364153460525938e6,-2.584803463885281e6,-610325.0016796713
5.71,1.3688210497356977e6,-2.5741360197516796e6,-602657.485007991
5.72,1.373488638945458e6,-2.5634685756180817e6,-594989.9683363119
5.73,1.378156228155218e6,-2.5528077712509125e6,-587325.7715478472
5.74,1.3828238173649784e6,-2.542148858325313e6,-579662.5204801672
5.75,1.3874914065747382e6,-2.5314899453997146e6,-571999.2694124882
5.76,1.3921589957844983e6,-2.520831032474113e6,-564336.0183448074
5.77,1.3968265849942581e6,-2.510172119548514e6,-556672.767277128
5.78,1.4014941742040182e6,-2.4995136431380566e6,-549009.7344670192
5.79,1.4061617634137787e6,-2.48885565481246e6,-541346.9456993405
5.8,1.410829352623538e6,-2.47819766648686e6,-533684.1569316608
5.81,1.4154969418332982e6,-2.4675396781612593e6,-526021.3681639805
5.82,1.4201645310430585e6,-2.4568816898356588e6,-518358.57939630013
5.83,1.4248321202528186e6,-2.446223701510056e6,-510695.7906286187
5.84,1.4294997094625784e6,-2.435568468971135e6,-503034.37975427834
5.85,1.4341672986723385e6,-2.4249352694607335e6,-495383.9853941975
5.86,1.4388348878820988e6,-2.4143020699503343e6,-487733.59103411774
5.87,1.4435024770918584e6,-2.403668870439935e6,-480083.1966740383
5.88,1.4481700663016178e6,-2.393035670929535e6,-472432.8023139585
5.89,1.4528376555113774e6,-2.3824024714191356e6,-464782.4079538791
5.9,1.457505244721138e6,-2.3717692719087345e6,-457132.01359379827
5.91,1.462172833930898e6,-2.3611360723983343e6,-449481.61923371814
5.92,1.4668404231406578e6,-2.350502872887935e6,-441831.2248736386
5.93,1.471508012350418e6,-2.3398696733775362e6,-434180.83051355917
5.94,1.4761756015601777e6,-2.329236473867134e6,-426530.4361534782
5.95,1.480843190769938e6,-2.3186032743567354e6,-418880.0417933987
5.96,1.485510779979698e6,-2.307970074846336e6,-411229.6474333191
5.97,1.4901783691894582e6,-2.2973388501798753e6,-403580.24049520853
5.98,1.494845958399218e6,-2.2867094075406753e6,-395931.7245707286
5.99,1.4995135476089783e6,-2.2760799649014743e6,-388283.208646248
6.0,1.504181136818738e6,-2.2654505222622748e6,-380634.6927217684
6.01,1.5088487260284983e6,-2.254821079623075e6,-372986.17679728847
6.02,1.5135163152382579e6,-2.244191636983875e6,-365337.66087280866
6.03,1.5181839044480182e6,-2.233771657625142e6,-357793.8765885619
6.04,1.5228514936577783e6,-2.223369714660158e6,-350259.11050118983
6.05,1.5275190828675383e6,-2.2129867540169344e6,-342733.83557469805
6.06,1.5321866720772982e6,-2.202603950840934e6,-335208.639381818
6.07,1.5368542612870582e6,-2.1922211476649344e6,-327683.4431889381
6.08,1.5415218504968185e6,-2.1818383444889328e6,-320158.2469960571
6.09,1.5461894397065786e6,-2.171455541312935e6,-312633.0508031781
6.1,1.5508570289163385e6,-2.161072738136935e6,-305107.8546102983
6.11,1.5555246181260985e6,-2.1506987922922163e6,-297587.0870830589
6.12,1.5601922073358584e6,-2.140339908884216e6,-290073.85077417886
6.13,1.5648597965456175e6,-2.129981025476217e6,-282560.61446529964
6.14,1.5695273857553776e6,-2.119642465300508e6,-275057.5397725651
6.15,1.574194974965138e6,-2.109343842381308e6,-267574.433708085
6.16,1.5788625641748982e6,-2.0990652332719183e6,-260101.33454851003
6.17,1.583530153384658e6,-2.088840993562319e6,-252655.42008883052
6.18,1.5881977425944177e6,-2.0786167538527192e6,-245209.50562915078
6.19,1.5928653318041777e6,-2.0684155097969188e6,-237775.08899637056
6.2,1.597532921013938e6,-2.0582310504209197e6,-230349.06470349082
6.21,1.6022005102236974e6,-2.0480626615615343e6,-222931.07566891843
6.22,1.6068680994334582e6,-2.0378973052975344e6,-215514.60293203813
6.23,1.6115356886432183e6,-2.0277319490335325e6,-208098.13019515714
6.24,1.616203277852978e6,-2.0175665927695343e6,-200681.65745827812
6.25,1.6208708670627377e6,-2.0074012365055336e6,-193265.18472139793
6.26,1.6255384562724975e6,-1.997235880241533e6,-185848.71198451775
6.27,1.6302060454822578e6,-1.987070523977534e6,-178432.23924763803
6.28,1.634873634692018e6,-1.9769051677135336e6,-171015.76651075785
6.29,1.6395412239017787e6,-1.9667398114495333e6,-163599.29377387732
6.3,1.6442088131115378e6,-1.9565744551855328e6,-156182.82103699748
6.31,1.6488764023212984e6,-1.9464679617674665e6,-148795.77972308407
6.32,1.6535439915310582e6,-1.9363857025610667e6,-141420.85551500425
6.33,1.6582115807408185e6,-1.9263034433546655e6,-134045.9313069235
6.34,1.6628791699505781e6,-1.9162211841482653e6,-126671.00709884358
6.35,1.6675467591603384e6,-1.9061389249418662e6,-119296.08289076388
6.36,1.6722143483700985e6,-1.8960723953950976e6,-111929.02351249952
6.37,1.6768819375798583e6,-1.8860118918502973e6,-104564.9771352195
6.38,1.6815495267896175e6,-1.8759513883054976e6,-97200.93075794005
6.39,1.6862171159993778e6,-1.8658962878168963e6,-89839.58590875927
6.4,1.6908847052091383e6,-1.8558412015280966e6,-82478.24815947912
6.41,1.6955522944188977e6,-1.8457861152392956e6,-75116.91041019897
6.42,1.700219883628658e6,-1.8357310289504966e6,-67755.57266091928
6.43,1.7048874728384176e6,-1.8256759426616966e6,-60394.234911639476
6.44,1.7095550620481777e6,-1.8156208563728957e6,-53032.897162358975
6.45,1.7142226512579382e6,-1.8055657700840957e6,-45671.55941307871
6.46,1.7188902404676976e6,-1.795510683795295e6,-38310.22166379867
6.47,1.7235578296774582e6,-1.7854555975064966e6,-30948.883914519218
6.48,1.728225418887218e6,-1.7754005112176964e6,-23587.546165239182
6.49,1.7328930080969783e6,-1.7653454249288964e6,-16226.20841595903
6.5,1.7375605973067374e6,-1.7552903386400968e6,-8864.870666679693
6.51,1.742228186516498e6,-1.7452352523512973e6,-1503.532917399658
6.52,1.746895775726258e6,-1.7351801660624966e6,5857.804831880727
6.53,1.751563364936018e6,-1.7251250797736952e6,13219.142581161344
6.54,1.7562309541457787e6,-1.715075515495167e6,20577.719325305778
6.55,1.7608985433555387e6,-1.7050338949823685e6,27932.324186585145
6.56,1.7655661325652981e6,-1.694992274469568e6,35286.929047865095
6.57,1.7702337217750587e6,-1.6849579023238216e6,42637.90972561855
6.58,1.7749013109848185e6,-1.6749373890910211e6,49981.960946898675
6.59,1.7795689001945786e6,-1.6649230162975893e6,57322.94194849464
6.6,1.7842364894043384e6,-1.6549231319455914e6,64656.678729373496
6.61,1.788904078614099e6,-1.6449574153557066e6,71973.33162919618
6.62,1.7935716678238588e6,-1.6349971026525062e6,79287.2825856763
6.63,1.798239257033618e6,-1.6250379052666244e6,86600.67588349676
6.64,1.8029068462433773e6,-1.615085390331424e6,93910.72795597662
6.65,1.8075744354531378e6,-1.6051328753962254e6,101220.78002845624
6.66,1.8122420246628982e6,-1.595185914382646e6,108528.05514012603
6.67,1.8169096138726578e6,-1.585243804484245e6,115832.90469420643
6.68,1.8215772030824178e6,-1.5753016945858463e6,123137.75424828578
6.69,1.8262447922921781e6,-1.5653595846874465e6,130442.60380236583
6.7,1.8309123815019378e6,-1.555421509592959e6,137745.4359544894
6.71,1.835579970711698e6,-1.5454961584481595e6,145041.9061317693
6.72,1.8402475599214577e6,-1.535578299045395e6,152334.63043803128
6.73,1.8449151491312182e6,-1.525663844109393e6,159625.65251091262
6.74,1.849582738340978e6,-1.5157493891733938e6,166916.6745837921
6.75,1.8542503275507381e6,-1.5058349342373938e6,174207.69665667217
6.76,1.858917916760498e6,-1.495920479301393e6,181498.71872955246
6.77,1.863585505970258e6,-1.486006024365393e6,188789.74080243253
6.78,1.8682530951800183e6,-1.4760915694293934e6,196080.76287531247
6.79,1.8729206843897786e6,-1.4661771144933938e6,203371.78494819242
6.8,1.8775882735995378e6,-1.4562634411048954e6,210662.41624732118
6.81,1.882255862809298e6,-1.446358195624096e6,217948.833592601
6.82,1.8869234520190584e6,-1.4364699240285803e6,225226.76399523905
6.83,1.8915910412288185e6,-1.4266012312437817e6,232494.90499251836
6.84,1.8962586304385783e6,-1.416732667580768e6,239762.98142890516
6.85,1.900926219648338e6,-1.4068780297791667e6,247024.09493458562
6.86,1.9055938088580985e6,-1.397023391977566e6,254285.2084402662
6.87,1.9102613980678583e6,-1.3871687541759654e6,261546.32194594643
6.88,1.914928987277618e6,-1.3773141163743671e6,268807.4354516254
6.89,1.9195965764873778e6,-1.3674594785727663e6,276068.5489573057
6.9,1.9242641656971378e6,-1.357604840771167e6,283329.6624629854
6.91,1.9289317549068981e6,-1.3477502029695674e6,290590.7759686654
6.92,1.9335993441166575e6,-1.3378955651679668e6,297851.8894743454
6.93,1.9382669333264178e6,-1.3280409273663673e6,305113.00298002525
6.94,1.9429345225361777e6,-1.3181862895647674e6,312374.11648570513
6.95,1.9476021117459377e6,-1.308331651763168e6,319635.2299913849
6.96,1.952269700955698e6,-1.298477013961567e6,326896.3434970655
6.97,1.956937290165458e6,-1.2889560624480525e6,333990.6138587028
6.98,1.9616048793752184e6,-1.2794740884624526e6,341065.3954563829
6.99,1.966272468584978e6,-1.2699965672351504e6,348137.9506749138
7.0,1.9709400577947379e6,-1.2605226639383498e6,355208.696928194
7.01,1.975607647004498e6,-1.2510492820763867e6,362279.1824640556
7.02,1.9802752362142578e6,-1.2415854241122727e6,369344.90605099255
7.03,1.9849428254240183e6,-1.2321224585034708e6,376410.1834602738
7.04,1.9896104146337782e6,-1.2226650314854942e6,383472.69157414197
7.05,1.9942780038435378e6,-1.2132122715994327e6,390532.86612205254
7.06,1.998945593053298e6,-1.203764268164232e6,397590.6624445331
7.07,2.0036131822630584e6,-1.1943162647290325e6,404648.4587670129
7.08,2.008280771472818e6,-1.1848682612938322e6,411706.2550894929
7.09,2.0129483606825785e6,-1.1754299151672476e6,418759.22275766544
7.1,2.0176159498923384e6,-1.1660024546208475e6,425806.74763574544
7.11,2.0222835391020991e6,-1.1565749940744468e6,432854.27251382614
7.12,2.0269511283118583e6,-1.1471475335280474e6,439901.79739190545
7.13,2.031618717521618e6,-1.137720072981648e6,446949.322269985
7.14,2.0362863067313775e6,-1.1282926124352487e6,453996.8471480644
7.15,2.040953895941138e6,-1.1188725631760336e6,461040.66638255224
7.16,2.0456214851508979e6,-1.1094622954376345e6,468079.5948566317
7.17,2.0502890743606577e6,-1.1000520276992337e6,475118.523330712
7.18,2.0549566635704178e6,-1.0906417599608344e6,482157.4518047917
7.19,2.059624252780178e6,-1.0812314922224337e6,489196.3802788722
7.2,2.0642918419899384e6,-1.0718212244840336e6,496235.3087529524
7.21,2.0689594311996978e6,-1.062410956745634e6,503274.23722703184
7.22,2.073627020409458e6,-1.053102963527301e6,510262.0284410785
7.23,2.0782946096192184e6,-1.0438068027497001e6,517243.9034347591
7.24,2.0829621988289785e6,-1.0345106419721007e6,524225.7784284389
7.25,2.0876297880387383e6,-1.0252144811945002e6,531207.6534221191
7.26,2.092297377248498e6,-1.0159183204169006e6,538189.5284157987
7.27,2.0969649664582582e6,-1.0066320612019087e6,545166.4526281748
7.28,2.1016325556680174e6,-997384.2179467075,552124.1688606549
7.29,2.1063001448777784e6,-988183.2558427696,559058.4445175044
7.3,2.110967734087538e6,-978988.5471235698,565989.5934819841
7.31,2.115635323297298e6,-969793.8384043699,572920.742446464
7.32,2.120302912507057e6,-960599.1296851698,579851.8914109437
7.33,2.124970501716818e6,-951464.2061137286,586753.1478015448
7.34,2.129638090926578e6,-942333.1032673301,593652.4938296238
7.35,2.1343056801363383e6,-933272.642274047,600516.5189311457
7.36,2.1389732693460984e6,-924298.409866846,607337.4297396261
7.37,2.1436408585558576e6,-915324.1774596471,614158.3405481053
7.38,2.1483084477656195e6,-906349.9450524466,620979.2513565865
7.39,2.1529760369753772e6,-897375.7126452477,627800.1621650648
7.4,2.157643626185138e6,-888410.3935404135,634616.6163223621
7.41,2.162311215394899e6,-879449.6333964127,641430.790999243
7.42,2.166978804604658e6,-870488.8732524136,648244.9656761221
7.43,2.171646393814419e6,-861528.1131084127,655059.140353003
7.44,2.176313983024179e6,-852567.3529644124,661873.3150298833
7.45,2.180981572233938e6,-843606.5928204133,668687.4897067624
7.46,2.1856491614436987e6,-834657.277545169,675495.9419492648
7.47,2.190316750653458e6,-825733.660017171,682291.5453181434
7.48,2.1949843398632184e6,-816829.0827014869,689077.6285808657
7.49,2.1996519290729794e6,-807944.9279286367,695853.5005721713
7.5,2.204319518282738e6,-799070.2404174376,702624.6389326502
7.51,2.208987107492497e6,-790195.5529062393,709395.7772931289
7.52,2.213654696702258e6,-781320.8653950377,716166.9156536103
7.53,2.218322285912018e6,-772627.4543992205,722847.4157563986
7.54,2.2229898751217774e6,-763977.4475032217,729506.2138092779
7.55,2.227657464331538e6,-755341.7591412464,736157.8525951458
7.56,2.232325053541297e6,-746728.6215084471,742798.216016425
7.57,2.236992642751057e6,-738144.7987207611,749423.922015148
7.58,2.241660231960818e6,-729591.6585991601,756034.286680829
7.59,2.246327821170577e6,-721075.3863254957,762626.2174225405
7.6,2.2509954103803383e6,-712573.0210214944,769211.194679422
7.61,2.255662999590099e6,-704070.6557174944,775796.1719363022
7.62,2.260330588799857e6,-695568.2904134954,782381.1491931808
7.63,2.2649981780096185e6,-687065.9251094938,788966.1264500624
7.64,2.2696657672193777e6,-678564.9065038274,795550.4303577752
7.65,2.2743333564291373e6,-670167.4905714411,802082.9329288481
7.66,2.279000945638899e6,-661793.124577311,808603.9105307942
7.67,2.2836685348486574e6,-653420.9993845123,815123.7677320726
7.68,2.2883361240584184e6,-645058.4778162203,821638.823121099
7.69,2.2930037132681785e6,-636771.3146648126,828116.1993016829
7.7,2.297671302477938e6,-628567.057179214,834552.1226493621
7.71,2.3023388916876987e6,-620362.799693613,840988.0459970429
7.72,2.3070064808974583e6,-612206.0139147767,847400.2334913408
7.73,2.3116740701072183e6,-604186.2208806124,853743.924613303
7.74,2.3163416593169793e6,-596375.4985848012,859983.080366089
7.75,2.3210092485267385e6,-588576.1081284824,866216.570199128
7.76,2.3256768377364967e6,-580826.1107419974,872425.3634972497
7.77,2.3303444269462577e6,-573152.8980403962,878595.7644529308
7.78,2.3350120161560182e6,-565479.6853387961,884766.1654086111
7.79,2.339679605365778e6,-557806.4726371972,890936.5663642903
7.8,2.344347194575539e6,-550133.2599355963,897106.9673199713
7.81,2.3490147837852975e6,-542460.0472339976,903277.36827565
7.82,2.353682372995058e6,-534786.8345323969,909447.7692313306
7.83,2.3583499622048177e6,-527113.6218307961,915618.1701870108
7.84,2.3630175514145773e6,-519440.40912919684,921788.5711426903
7.85,2.3676851406243383e6,-511848.9916237258,927918.0745003063
7.86,2.3723527298340993e6,-504264.3076189249,934044.2111075872
7.87,2.3770203190438575e6,-496679.6236141265,940170.3477148655
7.88,2.381687908253618e6,-489094.9396093253,946296.4843221464
7.89,2.386355497463377e6,-481510.2556045265,952422.6209294253
7.9,2.3910230866731373e6,-473926.6267285961,958548.2299722706
7.91,2.395690675882899e6,-466343.0981557951,964673.788863552
7.92,2.400358265092658e6,-458855.42376149184,970751.420665583
7.93,2.405025854302419e6,-451478.79020549107,976773.5320484639
7.94,2.409693443512179e6,-444141.3397583956,982776.0518768916
7.95,2.414361032721938e6,-436889.497130397,988735.7677957705
7.96,2.419028621931698e6,-429637.6545023962,994695.483714651
7.97,2.4236962111414587e6,-422385.811874397,1.0006551996335308e6
7.98,2.4283638003512174e6,-415133.9692463966,1.0066149155524104e6
7.99,2.4330313895609793e6,-407882.1266183959,1.0125746314712917e6
8.0,2.4376989787707385e6,-400630.28399039677,1.0185343473901709e6
8.01,2.442366567980497e6,-393378.441362398,1.0244940633090496e6
8.02,2.447034157190258e6,-386126.5987343969,1.0304537792279306e6
8.03,2.4517017464000173e6,-378874.75610639795,1.0364134951468096e6
8.04,2.4563693356097783e6,-371930.3244892415,1.0422195055602684e6
8.05,2.461036924819537e6,-365014.21738124173,1.0480113537191476e6
8.06,2.4657045140292984e6,-358098.11027324083,1.053803201878029e6
8.07,2.4703721032390576e6,-351626.55456422456,1.0593727743374165e6
8.08,2.4750396924488186e6,-345184.5200322237,1.0649275862082974e6
8.09,2.479707281658577e6,-338756.5580202079,1.0704753618191844e6
8.1,2.4843748708683387e6,-332336.02363140706,1.076019423618466e6
8.11,2.4890424600780974e6,-325915.4892426082,1.0815634854177446e6
8.12,2.4937100492878584e6,-319494.9548538072,1.0871075472170257e6
8.13,2.4983776384976176e6,-313077.5034467561,1.0926500675254308e6
8.14,2.5030452277073786e6,-306682.24199635524,1.0981814928555116e6
8.15,2.5077128169171377e6,-300286.9805459561,1.1037129181855908e6
8.16,2.5123804061268987e6,-293891.71909555525,1.1092443435156718e6
8.17,2.517047995336658e6,-287678.6632175622,1.1146846660595478e6
8.18,2.521715584546419e6,-281535.2169431613,1.1200901838016289e6
8.19,2.526383173756178e6,-275391.77066876227,1.1254957015437079e6
8.2,2.531050762965939e6,-269328.506164059,1.13086112840094e6
8.21,2.535718352175699e6,-263355.87600885914,1.1361812380834199e6
8.22,2.540385941385459e6,-257383.24585365813,1.1415013477659004e6
8.23,2.5450535305952183e6,-251426.75417618037,1.146813388209519e6
8.24,2.5497211198049793e6,-245593.27434817946,1.1520639227284e6
8.25,2.554388709014738e6,-239759.79452018044,1.1573144572472787e6
8.26,2.559056298224497e6,-233926.3146921816,1.1625649917661578e6
8.27,2.563723887434258e6,-228092.83486418065,1.1678155262850388e6
8.28,2.5683914766440173e6,-222259.3550361817,1.1730660608039177e6
8.29,2.573059065853778e6,-216430.56901113252,1.1783142484213226e6
8.3,2.577726655063537e6,-210613.12925433286,1.183556762904602e6
8.31,2.582394244273298e6,-204798.3091632444,1.1887979675550268e6
8.32,2.587061833483058e6,-199066.17875098158,1.1939978273660382e6
8.33,2.591729422692818e6,-193360.3897445806,1.1991845164741187e6
8.34,2.5963970119025772e6,-187654.60073818185,1.2043712055821978e6
8.35,2.6010646011123382e6,-181965.30348802215,1.209549648812158e6
8.36,2.605732190322098e6,-176370.2321263639,1.214680979097867e6
8.37,2.6103997795318584e6,-170974.52500876287,1.2197126272615478e6
8.38,2.615067368741618e6,-165828.97097350535,1.2246191988840564e6
8.39,2.619734957951379e6,-160897.19701081718,1.229418880470281e6
8.4,2.6244025471611386e6,-156007.42252441836,1.2341975623183602e6
8.41,2.629070136370899e6,-151127.80851299266,1.2389711639289532e6
8.42,2.633737725580658e6,-146330.15767483792,1.24370378395291e6
8.43,2.638405314790419e6,-141601.30312363696,1.2484020058333909e6
8.44,2.6430729040001784e6,-136932.25492915706,1.2530703245355107e6
8.45,2.6477404932099385e6,-132307.68178982573,1.2577164057100564e6
8.46,2.6524080824196977e6,-127690.20432662599,1.2623589390465359e6
8.47,2.6570756716294596e6,-123134.9168339129,1.2669703773977733e6
8.48,2.661743260839219e6,-118595.97616191398,1.2715736423386526e6
8.49,2.666410850048979e6,-114057.0354899129,1.2761769072795329e6
8.5,2.6710784392587384e6,-109664.29673069406,1.2807070712640223e6
8.51,2.675746028468497e6,-105586.35771389502,1.285079835377301e6
8.52,2.680413617678259e6,-101508.4186970939,1.2894525994905825e6
8.53,2.6850812068880172e6,-97446.01031328899,1.2938175982873642e6
8.54,2.6897487960977773e6,-93452.85564933847,1.2981479702242194e6
8.55,2.6944163853075374e6,-89699.71354773859,1.3023583358798993e6
8.56,2.699083974517299e6,-86077.52909874526,1.3065032227092767e6
8.57,2.703751563727057e6,-82595.55482754663,1.3105780044497552e6
8.58,2.708419152936818e6,-79113.58055634552,1.3146527861902362e6
8.59,2.7130867421465777e6,-75631.6062851465,1.3187275679307156e6
8.6,2.7177543313563387e6,-72158.26241305414,1.3227980344716422e6
8.61,2.7224219205660974e6,-68693.24556505488,1.3268643375005212e6
8.62,2.727089509775858e6,-65314.66456134603,1.3308874226072559e6
8.63,2.7317570989856175e6,-62160.45550925748,1.33479832173818e6
8.64,2.7364246881953795e6,-59370.363056378046,1.3385271625695007e6
8.65,2.741092277405138e6,-56602.82229957873,1.3422447275527797e6
8.66,2.745759866614899e6,-53835.28154277803,1.3459622925360606e6
8.67,2.7504274558246583e6,-51067.74078597882,1.3496798575193398e6
8.68,2.7550950450344193e6,-48300.200029177875,1.3533974225026206e6
8.69,2.7597626342441775e6,-45589.941433624925,1.3570863464052763e6
8.7,2.764430223453939e6,-42950.131849357975,1.3607400458022906e6
8.71,2.769097812663698e6,-40436.190682958135,1.3643308109903699e6
8.72,2.7737654018734586e6,-37982.69358823752,1.3678913541426104e6
8.73,2.778432991083218e6,-35549.35436503817,1.3714418183590898e6
8.74,2.7831005802929793e6,-33116.01514183708,1.374992282575571e6
8.75,2.787768169502739e6,-30682.675918638153,1.3785427467920503e6
8.76,2.792435758712497e6,-28249.33669543944,1.3820932110085287e6
8.77,2.7971033479222576e6,-25815.997472238214,1.3856436752250097e6
8.78,2.801770937132018e6,-23448.261002191768,1.3891613380649132e6
8.79,2.8064385263417778e6,-21089.327771790817,1.3926745992849935e6
8.8,2.811106115551538e6,-18825.16203248494,1.3961404767595264e6
8.81,2.8157737047612993e6,-16562.319802883012,1.399605692479208e6
8.82,2.820441293971057e6,-14443.18743772386,1.4029990532666666e6
8.83,2.825108883180818e6,-12368.393733345047,1.4063702447237365e6
8.84,2.829776472390577e6,-10598.395366458957,1.409589038512059e6
8.85,2.8344440616003387e6,-8999.760408902623,1.412722150595718e6
8.86,2.839111650810098e6,-7427.757617352714,1.4158419465963726e6
8.87,2.8437792400198574e6,-5899.636455617226,1.41893980178212e6
8.88,2.848446829229618e6,-4449.62231401795,1.4219986034578e6
8.89,2.853114418439379e6,-3280.850545196622,1.424916783947091e6
8.9,2.8577820076491386e6,-2337.17339639784,1.4277224171263704e6
8.91,2.862449596858899e6,-1393.496247595973,1.4305280503056515e6
8.92,2.867117186068658e6,-449.8190987977051,1.43333368348493e6
8.93,2.871784775278419e6,493.85805000358687,1.4361393166642112e6
8.94,2.8764523644881784e6,1437.5351988021182,1.4389449498434903e6
8.95,2.881119953697939e6,2320.6713415427766,1.4417203125197408e6
8.96,2.8857875429076985e6,3162.3592255421704,1.4444749510666204e6
8.97,2.890455132117459e6,4004.0471095426124,1.4472295896135007e6
8.98,2.895122721327218e6,4845.734993541779,1.44998422816038e6
8.99,2.899790310536979e6,5655.500757186081,1.4527229056470827e6
9.0,2.9044578997467384e6,6457.465593184972,1.4554576826699616e6
9.01,2.9091254889564966e6,7190.329741515042,1.458157909349006e6
9.02,2.913793078166258e6,7825.229053772099,1.460809153610015e6
9.03,2.918460667376017e6,8371.48679937052,1.4634160770876938e6
9.04,2.9231282565857777e6,8917.744544972165,1.466023000565375e6
9.05,2.927795845795537e6,9464.002290571523,1.4686299240430542e6
9.06,2.932463435005299e6,10010.260036171721,1.4712368475207353e6
9.07,2.9371310242150575e6,10451.505165133885,1.4737912646900958e6
9.08,2.941798613424818e6,10495.95408511206,1.476147283754965e6
9.09,2.9464662026345776e6,10521.088663511704,1.4784936456490448e6
9.1,2.9511337918443386e6,10546.223241912132,1.4808400075431254e6
9.11,2.9558013810540983e6,10546.75015181078,1.4831740656029545e6
9.12,2.960468970263858e6,10491.794776426972,1.4854803825201425e6
9.13,2.965136559473618e6,10247.400962026215,1.4876919802178221e6
9.14,2.9698041486833794e6,10003.007147627084,1.4899035779155032e6
9.15,2.974471737893138e6,9758.613333226127,1.4921151756131821e6
9.16,2.979139327102898e6,9392.620833954234,1.4942659739684262e6
9.17,2.983806916312658e6,8879.760098752966,1.4963433382057056e6
9.18,2.988474505522419e6,8338.085293865051,1.4984062954081418e6
9.19,2.9931420947321784e6,7628.695466428027,1.5003853950993032e6
9.2,2.9978096839419375e6,6914.178924028683,1.5023619314329831e6
9.21,3.002477273151698e6,6163.233459957848,1.504320253305828e6
9.22,3.0071448623614595e6,5402.8295343585705,1.506273845947909e6
9.23,3.011812451571218e6,4642.425608757908,1.508227438589988e6
9.24,3.016480040780979e6,3870.116223160383,1.5101750785020697e6
9.25,3.021147629990738e6,2779.506439365262,1.5119635682150517e6
9.26,3.0258152192004975e6,1664.2304833634234,1.5137397248419304e6
9.27,3.030482808410258e6,548.9545273653093,1.5155158814688118e6
9.28,3.0351503976200167e6,-566.3214286360408,1.5172920380956903e6
9.29,3.0398179868297777e6,-1681.597384634846,1.5190681947225714e6
9.3,3.044485576039538e6,-2796.8733406358924,1.5208443513494509e6
9.31,3.0491531652492983e6,-3912.149296635229,1.5226205079763315e6
9.32,3.053820754459058e6,-5100.083749150037,1.524360335354954e6
9.33,3.0584883436688175e6,-6335.862313148647,1.5260762406778345e6
9.34,3.063155932878577e6,-7571.6408771495035,1.5277921460007138e6
9.35,3.0678235220883377e6,-8807.419441148886,1.5295080513235943e6
9.36,3.0724911112980978e6,-10043.198005150341,1.5312239566464736e6
9.37,3.0771587005078583e6,-11278.976569148363,1.532939861969355e6
9.38,3.0818262897176184e6,-12514.755133150127,1.534655767292234e6
9.39,3.086493878927379e6,-13750.533697149502,1.5363716726151146e6
9.4,3.0911614681371385e6,-14986.312261149884,1.5380875779379944e6
9.41,3.095829057346899e6,-16222.090825148945,1.539803483260875e6
9.42,3.1004966465566577e6,-17457.869389149895,1.541519388583754e6
9.43,3.105164235766419e6,-18693.647953148567,1.5432352939066354e6
9.44,3.1098318249761774e6,-19929.42651714957,1.544951199229514e6
9.45,3.114499414185938e6,-21188.80717975008,1.546655303503094e6
9.46,3.1191670033956985e6,-22563.724279750855,1.5483016395579737e6
9.47,3.123834592605459e6,-23938.641379749984,1.5499479756128546e6
9.48,3.128502181815219e6,-25346.827438293993,1.5515776771884626e6
9.49,3.133169771024978e6,-27043.848528692994,1.5530629612481424e6
9.5,3.1378373602347374e6,-28740.8696190942,1.5545482453078215e6
9.51,3.142504949444497e6,-30437.890709494695,1.5560335293675011e6
9.52,3.147172538654259e6,-32134.91179989386,1.5575188134271826e6
9.53,3.1518401278640167e6,-34102.824505561584,1.5588686516792276e6
9.54,3.1565077170737786e6,-36480.17233356064,1.560013772370109e6
9.55,3.1611753062835373e6,-38857.52016156168,1.5611588930609878e6
9.56,3.1658428954932983e6,-41240.31215458574,1.5623012916693562e6
9.57,3.1705104847030574e6,-43976.07072943551,1.563267206986811e6
9.58,3.175178073912819e6,-46869.52759313032,1.5641542731598443e6
9.59,3.1798456631225776e6,-50043.35470372828,1.5649011542094247e6
9.6,3.184513252332338e6,-53316.95080132737,1.5655981507655054e6
9.61,3.1891808415420973e6,-56590.54689892753,1.5662951473215849e6
9.62,3.1938484307518587e6,-59908.228029562306,1.5669701013611483e6
9.63,3.198516019961618e6,-63345.896791164865,1.5675850615852266e6
9.64,3.203183609171378e6,-66783.56555276236,1.5682000218093079e6
9.65,3.207851198381138e6,-70221.2343143644,1.5688149820333868e6
9.66,3.2125187875908995e6,-73658.90307596227,1.5694299422574686e6
9.67,3.217186376800658e6,-77097.04494142461,1.570044665929617e6
9.68,3.2218539660104187e6,-80547.58874302423,1.5706531886336973e6
9.69,3.226521555220178e6,-83998.13254462447,1.5712617113377766e6
9.7,3.2311891444299393e6,-87448.67634622406,1.5718702340418575e6
9.71,3.235856733639698e6,-90899.2201478258,1.572478756745936e6
9.72,3.240524322849459e6,-94349.76394942425,1.5730872794500175e6
9.73,3.2451919120592186e6,-97800.3077510255,1.5736958021540965e6
9.74,3.249859501268979e6,-101250.85155262392,1.5743043248581777e6
9.75,3.254527090478738e6,-104775.96457047686,1.5748755629541306e6
9.76,3.2591946796884974e6,-108400.23630228995,1.5753972216931037e6
9.77,3.263862268898257e6,-112063.27737588994,1.5758994957611836e6
9.78,3.2685298581080176e6,-115726.31844948936,1.5764017698292641e6
9.79,3.2731974473177777e6,-119389.35952308858,1.5769040438973445e6
9.8,3.2778650365275373e6,-123052.40059669036,1.5774063179654235e6
9.81,3.282532625737298e6,-126787.67086425511,1.5778724774365213e6
9.82,3.287200214947058e6,-130604.53329246042,1.5782978408272988e6
9.83,3.2918678041568184e6,-134459.64848525965,1.5787040778357794e6
9.84,3.296535393366578e6,-138314.76367806064,1.5791103148442586e6
9.85,3.3012029825763376e6,-142169.8788708586,1.5795165518527394e6
9.86,3.3058705717860977e6,-146421.1751796614,1.5797246983032182e6
9.87,3.3105381609958573e6,-150824.97384605993,1.5798565935748988e6
9.88,3.315205750205618e6,-155244.84423155812,1.57998045298703e6
9.89,3.319873339415378e6,-159921.46568525786,1.5799759368650601e6
9.9,3.3245409286251385e6,-164621.47700285888,1.5799597258111397e6
9.91,3.3292085178348986e6,-169321.4883204579,1.5799435147572204e6
9.92,3.3338761070446577e6,-174118.63598566785,1.579878735529495e6
9.93,3.3385436962544187e6,-179022.22225606666,1.579760736999176e6
9.94,3.343211285464178e6,-183925.80852646776,1.5796427384688552e6
9.95,3.3478788746739393e6,-188829.39479686634,1.5795247399385364e6
9.96,3.352546463883698e6,-193732.98106726888,1.5794067414082144e6
9.97,3.357214053093459e6,-198922.7801569841,1.5791456364682375e6
9.98,3.3618816423032177e6,-204192.83910738502,1.5788444015979164e6
9.99,3.3665492315129796e6,-209462.89805778395,1.5785431667275978e6
10.0,3.3712168207227383e6,-214828.37629203883,1.5781942222153498e6
10.01,3.375884409932496e6,-220339.10783633945,1.5777726510480782e6
10.02,3.380551999142258e6,-225981.3192731385,1.5772853399345598e6
10.03,3.3852195883520166e6,-231623.53070993975,1.5767980288210385e6
10.04,3.389887177561778e6,-237265.7421467387,1.5763107177075197e6
10.05,3.3945547667715377e6,-242907.9535835404,1.5758234065939987e6
10.06,3.399222355981299e6,-248557.83659846973,1.5753322596914147e6
10.07,3.4038899451910574e6,-254249.32879527123,1.5748203081978932e6
10.08,3.408557534400818e6,-259940.8209920692,1.5743083567043743e6
10.09,3.4132251236105766e6,-265632.31318887,1.5737964052108533e6
10.1,3.417892712820338e6,-271323.80538566905,1.5732844537173344e6
10.11,3.4225603020300977e6,-277015.29758247,1.572772502223814e6
10.12,3.4272278912398587e6,-282706.78977926844,1.572260550730295e6
10.13,3.4318954804496183e6,-288491.11427628616,1.571702183086666e6
10.14,3.436563069659379e6,-294363.9276418847,1.571099571008747e6
10.15,3.441230658869138e6,-300236.74100748496,1.5704969589308265e6
10.16,3.4458982480788985e6,-306351.6241306794,1.5697733119741096e6
10.17,3.450565837288658e6,-312683.36443308025,1.5689412364277889e6
10.18,3.455233426498419e6,-319015.1047354787,1.5681091608814702e6
10.19,3.4599010157081774e6,-325346.8450378788,1.5672770853351492e6
10.2,3.4645686049179393e6,-331678.585340278,1.5664450097888308e6
10.21,3.469236194127698e6,-338010.32564268017,1.5656129342425088e6
10.22,3.4739037833374594e6,-344803.57493224565,1.564550104202607e6
10.23,3.4785713725472176e6,-351654.84172264696,1.5634582654122855e6
10.24,3.48323896175698e6,-358506.10851304576,1.5623664266219672e6
10.25,3.4879065509667387e6,-365357.37530344684,1.561274587831646e6
10.26,3.4925741401764965e6,-372208.64209384704,1.5601827490413247e6
10.27,3.497241729386258e6,-379059.9088842448,1.5590909102510065e6
10.28,3.501909318596018e6,-385911.1756746472,1.5579990714606855e6
10.29,3.506576907805778e6,-392762.4424650457,1.5569072326703663e6
10.3,3.511244497015538e6,-400374.1741752653,1.5554351614201365e6
10.31,3.515912086225298e6,-408084.59026326344,1.5539137479810172e6
10.32,3.520579675435058e6,-415795.0063512649,1.5523923345418964e6
10.33,3.525247264644818e6,-423603.39413815684,1.5508219352533305e6
10.34,3.529914853854577e6,-431517.99123415735,1.54919843131021e6
10.35,3.534582443064338e6,-439432.5883301559,1.5475749273670912e6
10.36,3.5392500322740977e6,-447347.1854261571,1.5459514234239704e6
10.37,3.543917621483858e6,-455261.78252215555,1.5443279194808514e6
10.38,3.5485852106936174e6,-463311.0355265632,1.542637087583527e6
10.39,3.5532527999033774e6,-471587.8342145613,1.5408324828444081e6
10.4,3.5579203891131384e6,-479864.63290256297,1.5390278781052877e6
10.41,3.5625879783229e6,-488141.43159056094,1.5372232733661695e6
10.42,3.567255567532658e6,-496429.60803570336,1.5354129797484775e6
10.43,3.5719231567424196e6,-504883.11547650275,1.5335200206329585e6
10.44,3.576590745952178e6,-513336.6229173034,1.5316270615174372e6
10.45,3.581258335161939e6,-521790.1303581022,1.5297341024019183e6
10.46,3.5859259243716984e6,-530559.0490852509,1.5276834376432237e6
10.47,3.590593513581459e6,-539831.9022652495,1.5253808056581048e6
10.48,3.5952611027912176e6,-549104.7554452511,1.5230781736729832e6
10.49,3.5999286920009796e6,-558377.6086252484,1.5207755416878655e6
10.5,3.6045962812107382e6,-567650.4618052498,1.5184729097027443e6
10.51,3.609263870420497e6,-576923.3149852504,1.5161702777176234e6
10.52,3.6139314596302575e6,-586196.1681652492,1.513867645732504e6
10.53,3.618599048840017e6,-595772.7922900986,1.5114131282749593e6
10.54,3.623266638049778e6,-605547.0768220981,1.50885978061384e6
10.55,3.6279342272595367e6,-615321.3613541009,1.5063064329527179e6
10.56,3.6326018164692987e6,-625095.6458860992,1.5037530852915999e6
10.57,3.6372694056790583e6,-635024.5906400644,1.501122407519497e6
10.58,3.6419369948888184e6,-644970.7425968645,1.498483126145977e6
10.59,3.6466045840985775e6,-654916.8945536644,1.4958438447724567e6
10.6,3.6512721733083385e6,-664863.0465104631,1.4932045633989377e6
10.61,3.6559397625180967e6,-674809.1984672641,1.4905652820254164e6
10.62,3.6606073517278587e6,-684755.3504240632,1.4879260006518979e6
10.63,3.665274940937618e6,-694701.5023808654,1.485286719278376e6
10.64,3.669942530147379e6,-704647.6543376633,1.4826474379048578e6
10.65,3.6746101193571375e6,-714593.8062944645,1.4800081565313365e6
10.66,3.6792777085668985e6,-724723.308472462,1.4772772000472182e6
10.67,3.683945297776658e6,-734860.8588836635,1.4745422194464973e6
10.68,3.6886128869864186e6,-744998.4092948621,1.4718072388457782e6
10.69,3.693280476196178e6,-755135.9597060627,1.4690722582450574e6
10.7,3.6979480654059383e6,-765273.5101172614,1.4663372776443386e6
10.71,3.702615654615698e6,-775585.4497003972,1.4635151024576505e6
10.72,3.7072832438254594e6,-786137.9286307961,1.4605726575973316e6
10.73,3.7119508330352185e6,-796690.4075611973,1.4576302127370106e6
10.74,3.716618422244979e6,-807242.886491596,1.4546877678766917e6
10.75,3.7212860114547387e6,-817795.3654219959,1.4517453230163713e6
10.76,3.7259536006644974e6,-828347.8443523962,1.4488028781560506e6
10.77,3.730621189874258e6,-838900.3232827957,1.445860433295731e6
10.78,3.7352887790840166e6,-849498.9877096683,1.442894895687174e6
10.79,3.7399563682937776e6,-860291.2581496676,1.439832555072055e6
10.8,3.744623957503537e6,-871083.52858967,1.4367702144569336e6
10.81,3.7492915467132977e6,-881875.7990296686,1.4337078738418147e6
10.82,3.7539591359230573e6,-892668.0694696697,1.4306455332266937e6
10.83,3.7586267251328183e6,-903460.3399096684,1.427583192611575e6
10.84,3.7632943143425775e6,-914252.6103496689,1.4245208519964544e6
10.85,3.7679619035523375e6,-925209.8803135752,1.4213760116193811e6
10.86,3.772629492762097e6,-936252.099343272,1.4181886967094126e6
10.87,3.777297081971858e6,-947497.2587628639,1.414899911604497e6
10.88,3.7819646711816187e6,-958928.5004916674,1.4115180853449756e6
10.89,3.786632260391379e6,-970776.1312920334,1.4079280645496727e6
10.9,3.791299849601137e6,-982731.0190243871,1.404284415288375e6
10.91,3.7959674388108985e6,-994711.0025851863,1.4006282181128561e6
10.92,3.8006350280206576e6,-1.0066909861459866e6,1.3969720209373354e6
10.93,3.805302617230419e6,-1.0186709697067854e6,1.3933158237618168e6
10.94,3.8099702064401777e6,-1.0306509532675862e6,1.3896596265862957e6
10.95,3.8146377956499388e6,-1.0426309368283849e6,1.386003429410777e6
10.96,3.8193053848596984e6,-1.0546109203891882e6,1.3823472322352552e6
10.97,3.823972974069459e6,-1.0668602665300102e6,1.3785563537697243e6
10.98,3.8286405632792185e6,-1.0791241130116114e6,1.3747582251338037e6
10.99,3.8333081524889795e6,-1.0913879594932096e6,1.370960096497885e6
11.0,3.837975741698738e6,-1.1036518059748104e6,1.367161967861964e6
11.01,3.842643330908497e6,-1.1159156524564112e6,1.3633638392260429e6
11.02,3.8473109201182583e6,-1.1281889245480218e6,1.3595609977851184e6
11.03,3.8519785093280165e6,-1.1408625013415418e6,1.3555580039932374e6
11.04,3.8566460985377785e6,-1.1536359562659776e6,1.3515050711359004e6
11.05,3.8613136877475376e6,-1.166591220725181e6,1.3473612335111783e6
11.06,3.865981276957298e6,-1.1797366272971798e6,1.3431223248300592e6
11.07,3.870648866167057e6,-1.193393887536892e6,1.3386274893150823e6
11.08,3.875316455376819e6,-1.2072814993952909e6,1.334017477990764e6
11.09,3.8799840445865775e6,-1.221169111253691e6,1.3294074666664433e6
11.1,3.884651633796338e6,-1.2350567231120898e6,1.3247974553421242e6
11.11,3.889319223006097e6,-1.24894433497049e6,1.3201874440178035e6
11.12,3.8939868122158586e6,-1.2628319468288892e6,1.3155774326934847e6
11.13,3.8986544014256177e6,-1.276719558687292e6,1.3109674213691629e6
11.14,3.9033219906353788e6,-1.2909189765666984e6,1.3062015070343402e6
11.15,3.9079895798451374e6,-1.3051584135618985e6,1.3014155831416193e6
11.16,3.9126571690548994e6,-1.3195901223487696e6,1.296533523353065e6
11.17,3.917324758264658e6,-1.33417946821517e6,1.2915726450247439e6
11.18,3.9219923474744186e6,-1.348768814081569e6,1.2866117666964247e6
11.19,3.9266599366841773e6,-1.36335815994797e6,1.2816508883681037e6
11.2,3.931327525893939e6,-1.3779475058143681e6,1.2766900100397854e6
11.21,3.935995115103698e6,-1.3925368516807712e6,1.2717291317114634e6
11.22,3.9406627043134593e6,-1.4071261975471708e6,1.2667682533831443e6
11.23,3.945330293523218e6,-1.4217155434135706e6,1.2618073750548237e6
11.24,3.94999788273298e6,-1.4364050850741672e6,1.2567963988294064e6
11.25,3.9546654719427377e6,-1.4512060591005685e6,1.2517297064210847e6
11.26,3.9593330611524964e6,-1.4660986160330009e6,1.2466172225597478e6
11.27,3.964000650362258e6,-1.4811518126113983e6,1.2414244188754298e6
11.28,3.9686682395720165e6,-1.496205009189799e6,1.2362316151911088e6
11.29,3.973335828781778e6,-1.5112582057681982e6,1.2310388115067899e6
11.3,3.978003417991538e6,-1.526311402346601e6,1.2258460078224684e6
11.31,3.982671007201298e6,-1.5418212522804553e6,1.2204248774604215e6
11.32,3.9873385964110573e6,-1.5574012618260556e6,1.2149686672925008e6
11.33,3.9920061856208183e6,-1.5729812713716552e6,1.2095124571245816e6
11.34,3.996673774830578e6,-1.5885612809172557e6,1.204056246956661e6
11.35,4.0013413640403384e6,-1.604141290462854e6,1.198600036788742e6
11.36,4.006008953250097e6,-1.6199419406595572e6,1.1930335062952698e6
11.37,4.0106765424598577e6,-1.635816298915555e6,1.1874301217721514e6
11.38,4.015344131669618e6,-1.6516906571715586e6,1.1818267372490298e6
11.39,4.0200117208793787e6,-1.6675650154275568e6,1.176223352725911e6
11.4,4.0246793100891383e6,-1.6834393736835578e6,1.1706199682027902e6
11.41,4.0293468992988993e6,-1.6993265672817188e6,1.1650101660085903e6
11.42,4.0340144885086576e6,-1.7155289519289196e6,1.159242768289869e6
11.43,4.038682077718419e6,-1.731731336576118e6,1.1534753705711504e6
11.44,4.0433496669281777e6,-1.7479337212233183e6,1.1477079728524298e6
11.45,4.0480172561379382e6,-1.764136105870517e6,1.1419405751337106e6
11.46,4.0526848453476983e6,-1.7803397166604598e6,1.1361725643436192e6
11.47,4.057352434557459e6,-1.796552599116458e6,1.1303999177205004e6
11.48,4.0620200237672185e6,-1.8127654815724585e6,1.12462727109738e6
11.49,4.0666876129769795e6,-1.82942891936985e6,1.1186293468035646e6
11.5,4.0713552021867386e6,-1.8461223054730508e6,1.112616448356844e6
11.51,4.0760227913964973e6,-1.862815691576252e6,1.1066035499101225e6
11.52,4.0806903806062583e6,-1.8795090776794488e6,1.1005906514634048e6
11.53,4.085357969816016e6,-1.8962088753203864e6,1.094574547247815e6
11.54,4.090025559025778e6,-1.9129266078635838e6,1.088549475581097e6
11.55,4.0946931482355366e6,-1.9298337827345836e6,1.0824296827504765e6
11.56,4.099360737445298e6,-1.9469752278689821e6,1.076192754788158e6
11.57,4.104028326655057e6,-1.9641166730033827e6,1.0699558268258371e6
11.58,4.1086959158648187e6,-1.9812581181377815e6,1.0637188988635186e6
11.59,4.1133635050745774e6,-1.998399563272182e6,1.0574819709011978e6
11.6,4.118031094284339e6,-2.0156469830606962e6,1.0511920556118214e6
11.61,4.122698683494097e6,-2.0333057867318976e6,1.0446964483810997e6
11.62,4.1273662727038586e6,-2.0509645904030956e6,1.0382008411503815e6
11.63,4.132033861913618e6,-2.0686233940743e6,1.031705233919659e6
11.64,4.1367014511233782e6,-2.0862821977454985e6,1.0252096266889399e6
11.65,4.141369040333138e6,-2.1039410014166986e6,1.0187140194582196e6
11.66,4.1460366295428984e6,-2.1215998050878975e6,1.0122184122275005e6
11.67,4.1507042187526585e6,-2.139258608759098e6,1.0057228049967801e6
11.68,4.1553718079624185e6,-2.1569335303319655e6,999219.1388152265
11.69,4.160039397172177e6,-2.175094252274365e6,992472.572448906
11.7,4.164706986381939e6,-2.1932549742167643e6,985726.0060825874
11.71,4.1693745755916988e6,-2.2114731370646036e6,978950.7192635476
11.72,4.1740421648014593e6,-2.229865190667947e6,972088.4870667562
11.73,4.178709754011218e6,-2.2482642123783473e6,965222.7708164353
11.74,4.18337734322098e6,-2.266663234088746e6,958357.054566117
11.75,4.1880449324307386e6,-2.285062255799146e6,951491.3383157963
11.76,4.1927125216404963e6,-2.303461277509548e6,944625.6220654743
11.77,4.197380110850258e6,-2.321860299219945e6,937759.9058151564
11.78,4.202047700060017e6,-2.3402593209303445e6,930894.1895648364
11.79,4.206715289269778e6,-2.358658342640744e6,924028.473314517
11.8,4.211382878479538e6,-2.3770573643511483e6,917162.7570641947
11.81,4.216050467689299e6,-2.395456386061548e6,910297.0408138756
11.82,4.220718056899058e6,-2.4138554077719473e6,903431.3245635552
11.83,4.225385646108819e6,-2.4322544294823464e6,896565.6083132364
11.84,4.230053235318577e6,-2.4506534511927464e6,889699.8920629153
11.85,4.234720824528338e6,-2.4690524729031445e6,882834.1758125969
11.86,4.239388413738097e6,-2.4874514946135455e6,875968.4595622758
11.87,4.244056002947859e6,-2.505850516323943e6,869102.7433119577
11.88,4.248723592157618e6,-2.5242495380343487e6,862237.0270616347
11.89,4.253391181367379e6,-2.5426485597447464e6,855371.3108113161
11.9,4.258058770577137e6,-2.561186775739985e6,848435.9974185762
11.91,4.262726359786899e6,-2.5798837038895832e6,841421.3279486578
11.92,4.2673939489966575e6,-2.5985806320391833e6,834406.6584787371
11.93,4.272061538206419e6,-2.617281829458622e6,827389.8543738986
11.94,4.276729127416178e6,-2.6362736306322217e6,820227.748391978
11.95,4.281396716625938e6,-2.655265431805821e6,813065.6424100585
11.96,4.286064305835698e6,-2.6742572329794248e6,805903.5364281365
11.97,4.290731895045458e6,-2.6932490341530223e6,798741.430446218
11.98,4.295399484255219e6,-2.712240835326624e6,791579.3244642974
11.99,4.3000670734649785e6,-2.731244363742629e6,784411.3548611747
12.0,4.304734662674738e6,-2.7502726385562294e6,777231.0120592543
12.01,4.309402251884497e6,-2.769313234157952e6,770044.5088632724
12.02,4.314069841094257e6,-2.788576499670719e6,762746.6707117693
12.03,4.318737430304018e6,-2.8078733942035194e6,755432.0180502492
12.04,4.3234050195137765e6,-2.8271702887363182e6,748117.3653887291
12.05,4.328072608723537e6,-2.8464671832691226e6,740802.7127272072
12.06,4.3327401979332995e6,-2.865764077801922e6,733488.0600656888
12.07,4.337407787143058e6,-2.88506097233472e6,726173.407404169
12.08,4.342075376352818e6,-2.904357866867521e6,718858.7547426485
12.09,4.346742965562578e6,-2.9239719924857966e6,711385.4865383909
12.1,4.351410554772339e6,-2.943646760706596e6,703881.8970328714
12.11,4.3560781439820975e6,-2.9633215289273947e6,696378.3075273514
12.12,4.360745733191858e6,-2.982996297148193e6,688874.7180218324
12.13,4.365413322401617e6,-3.0026710653689983e6,681371.1285163092
12.14,4.37008091161138e6,-3.0226731336640087e6,673703.8889736857
12.15,4.374748500821138e6,-3.0428370941248075e6,665955.7033481651
12.16,4.379416090030899e6,-3.063001054585607e6,658207.5177226462
12.17,4.384083679240658e6,-3.0831650150464075e6,650459.3320971252
12.18,4.3887512684504185e6,-3.1033289755072063e6,642711.1464716061
12.19,4.393418857660177e6,-3.1234929359680056e6,634962.9608460858
12.2,4.398086446869938e6,-3.143656896428806e6,627214.775220566
12.21,4.402754036079698e6,-3.1640987392450855e6,619327.6484173064
12.22,4.407421625289459e6,-3.1847081033938844e6,611356.7609477872
12.23,4.412089214499218e6,-3.2053555659833355e6,603366.8242579415
12.24,4.416756803708979e6,-3.2262333626921326e6,595261.7205084232
12.25,4.421424392918738e6,-3.247111159400934e6,587156.6167589019
12.26,4.426091982128497e6,-3.2679889561097343e6,579051.5130093815
12.27,4.430759571338259e6,-3.2888667528185328e6,570946.409259863
12.28,4.435427160548017e6,-3.3097445495273336e6,562841.3055103419
12.29,4.440094749757777e6,-3.3306223462361307e6,554736.2017608231
12.3,4.444762338967537e6,-3.351500142944936e6,546631.0980113002
12.31,4.449429928177298e6,-3.3723779396537356e6,538525.9942617812
12.32,4.454097517387057e6,-3.3934049023314775e6,530346.3075277896
12.33,4.458765106596819e6,-3.4147673501850795e6,521998.8782058698
12.34,4.463432695806578e6,-3.4361297980386787e6,513651.44888394955
12.35,4.46810028501634e6,-3.4578191954615535e6,505140.54477739334
12.36,4.472767874226097e6,-3.479621466811154e6,496573.2037074715
12.37,4.477435463435858e6,-3.5014732847646903e6,487981.0893355836
12.38,4.482103052645618e6,-3.523775160432693e6,479163.9461064625
12.39,4.48677064185538e6,-3.5461636036125994e6,470303.51912139007
12.4,4.491438231065138e6,-3.5687583781222007e6,461339.92647146876
12.41,4.496105820274899e6,-3.5913531526317997e6,452376.33382154955
12.42,4.500773409484657e6,-3.613947927141398e6,443412.74117162963
12.43,4.50544099869442e6,-3.6365427016509986e6,434449.14852171065
12.44,4.510108587904177e6,-3.659137476160598e6,425485.55587178934
12.45,4.514776177113938e6,-3.681732250670197e6,416521.9632218706
12.46,4.519443766323698e6,-3.7043270251798024e6,407558.37057194766
12.47,4.52411135553346e6,-3.726921799689399e6,398594.77792203054
12.48,4.528778944743219e6,-3.749516574199002e6,389631.18527210853
12.49,4.533446533952978e6,-3.7721113487085993e6,380667.59262218955
12.5,4.538114123162739e6,-3.7947061232181983e6,371703.99997227034
12.51,4.542781712372498e6,-3.8173008977277996e6,362740.407322349
12.52,4.547449301582258e6,-3.839895672237396e6,353776.8146724312
12.53,4.552116890792016e6,-3.862490446746998e6,344813.22202250897
12.54,4.556784480001777e6,-3.8850852212565956e6,335849.6293725909
12.55,4.561452069211538e6,-3.9076799957662006e6,326886.0367226687
12.56,4.566119658421299e6,-3.9306151292426214e6,317752.264589339
12.57,4.570787247631058e6,-3.953646257393023e6,308570.49511901755
12.58,4.5754548368408205e6,-3.9766773855434223e6,299388.7256486991
12.59,4.580122426050577e6,-3.9997085136938216e6,290206.95617837785
12.6,4.584790015260339e6,-4.022951631220806e6,280919.19201976643
12.61,4.589457604470098e6,-4.0462758554112082e6,271590.8745294451
12.62,4.594125193679858e6,-4.0696000796016064e6,262262.5570391258
12.63,4.598792782889619e6,-4.0929243037920124e6,252934.23954880307
12.64,4.603460372099378e6,-4.1162485279824077e6,243605.92205848522
12.65,4.608127961309138e6,-4.1398365903425845e6,234145.6854832766
12.66,4.612795550518898e6,-4.163547864733783e6,224623.84289255762
12.67,4.617463139728659e6,-4.187259139124981e6,215102.00030183885
12.68,4.622130728938419e6,-4.210970413516181e6,205580.1577111194
12.69,4.626798318148178e6,-4.234681687907382e6,196058.31512039807
12.7,4.631465907357939e6,-4.258392962298583e6,186536.47252967767
12.71,4.636133496567699e6,-4.2821042366897855e6,177014.62993895682
12.72,4.64080108577746e6,-4.305815511080983e6,167492.7873482383
12.73,4.645468674987218e6,-4.329526785472185e6,157970.9447575165
12.74,4.650136264196979e6,-4.35323805986338e6,148449.10216679936
12.75,4.6548038534067385e6,-4.376949334254585e6,138927.25957607664
12.76,4.659471442616496e6,-4.400889935095304e6,129290.75376059627
12.77,4.664139031826258e6,-4.424856393374504e6,119641.31922587706
12.78,4.668806621036018e6,-4.449070922567407e6,109867.84923430579
12.79,4.673474210245778e6,-4.473569375085005e6,99952.41758038662
12.8,4.678141799455537e6,-4.498067827602609e6,90036.9859264642
12.81,4.6828093886653e6,-4.522566280120209e6,80121.5542725455
12.82,4.687476977875058e6,-4.547064732637809e6,70206.12261862447
12.83,4.692144567084818e6,-4.5715631851554075e6,60290.69096470531
12.84,4.696812156294577e6,-4.596061637673009e6,50375.25931078382
12.85,4.701479745504338e6,-4.620560090190606e6,40459.82765686605
12.86,4.706147334714098e6,-4.64505854270821e6,30544.396002944093
12.87,4.710814923923858e6,-4.669556995225804e6,20628.964349027257
12.88,4.715482513133619e6,-4.694055447743409e6,10713.532695104834
12.89,4.720150102343378e6,-4.718553900261009e6,798.1010411842726
12.9,4.724817691553137e6,-4.743052352778609e6,-9117.330612735823
12.91,4.7294852807629e6,-4.767550805296207e6,-19032.76226665359
12.92,4.734152869972658e6,-4.792085718721335e6,-28966.42437433824
12.93,4.738820459182419e6,-4.816975974766935e6,-39077.75779225817
12.94,4.743488048392178e6,-4.8418662308125375e6,-49189.09121017996
12.95,4.748155637601938e6,-4.866756486858135e6,-59300.424628098495
12.96,4.752823226811699e6,-4.891646742903742e6,-69411.75804602169
12.97,4.757490816021459e6,-4.91653699894934e6,-79523.09146394022
12.98,4.762158405231219e6,-4.941427254994942e6,-89634.42488186155
12.99,4.766825994440979e6,-4.9663175110405395e6,-99745.75829978008
13.0,4.771493583650738e6,-4.991289587043154e6,-109898.00169620803
13.01,4.776161172860497e6,-5.016579728688759e6,-120209.27791413106
13.02,4.780828762070259e6,-5.041869870334357e6,-130520.55413204897
13.03,4.785496351280018e6,-5.067267175050373e6,-140885.41188517772
13.04,4.790163940489778e6,-5.092932922431974e6,-151384.49097109772
13.05,4.794831529699537e6,-5.118598669813577e6,-161883.57005702006
13.06,4.7994991189092975e6,-5.144264417195177e6,-172382.6491429396
13.07,4.804166708119057e6,-5.169930164576778e6,-182881.72822886053
13.08,4.8088342973288195e6,-5.195595911958374e6,-193380.80731477728
13.09,4.813501886538577e6,-5.221261659339975e6,-203879.88640069868
13.1,4.818169475748339e6,-5.246927406721577e6,-214378.96548661916
13.11,4.822837064958097e6,-5.272593154103172e6,-224878.0445725373
13.12,4.827504654167858e6,-5.298425720602515e6,-235460.5332173286
13.13,4.832172243377618e6,-5.324357150312119e6,-246092.4534672508
13.14,4.836839832587379e6,-5.350318306434381e6,-256739.2369235009
13.15,4.841507421797139e6,-5.37629506955198e6,-267393.82387742074
13.16,4.846175011006899e6,-5.402323470442134e6,-278074.2297176174
13.17,4.85084260021666e6,-5.428407181015735e6,-288782.2903995374
13.18,4.855510189426418e6,-5.4546158694425495e6,-299552.84000806557
13.19,4.860177778636179e6,-5.481022057943345e6,-310422.13965358306
13.2,4.8648453678459395e6,-5.507428246444143e6,-321291.43929910194
13.21,4.869512957055698e6,-5.533834434944952e6,-332160.7389446269
13.22,4.87418054626546e6,-5.560240623445749e6,-343030.03859014483
13.23,4.878848135475219e6,-5.586646811946549e6,-353899.3382356651
13.24,4.883515724684979e6,-5.61305300044735e6,-364768.6378811854
13.25,4.888183313894739e6,-5.639639164074866e6,-375727.92509006336
13.26,4.892850903104498e6,-5.666259945047665e6,-386704.52097158367
13.27,4.897518492314259e6,-5.692880726020465e6,-397681.11685310304
13.28,4.902186081524017e6,-5.719501506993265e6,-408657.7127346238
13.29,4.906853670733778e6,-5.746122287966061e6,-419634.3086161418
13.3,4.911521259943538e6,-5.772743068938866e6,-430610.90449766396
13.31,4.916188849153297e6,-5.799363849911665e6,-441587.5003791838
13.32,4.920856438363058e6,-5.826000764573603e6,-452572.1631052727
13.33,4.925524027572817e6,-5.853022498251206e6,-463749.23533919454
13.34,4.930191616782578e6,-5.880044231928808e6,-474926.307573115
13.35,4.934859205992338e6,-5.907213399840488e6,-486177.0969240749
13.36,4.939526795202097e6,-5.93457220351729e6,-497522.70415759645
13.37,4.944194384411857e6,-5.961931007194088e6,-508868.3113911152
13.38,4.948861973621618e6,-5.989289810870893e6,-520213.91862463765
13.39,4.95352956283138e6,-6.016648614547689e6,-531559.5258581545
13.4,4.958197152041139e6,-6.044007418224492e6,-542905.1330916765
13.41,4.962864741250899e6,-6.07136622190129e6,-554250.7403251957
13.42,4.967532330460659e6,-6.09872502557809e6,-565596.3475587154
13.43,4.972199919670419e6,-6.126083829254887e6,-576941.9547922341
13.44,4.976867508880177e6,-6.153442632931689e6,-588287.5620257561
13.45,4.981535098089938e6,-6.180801436608488e6,-599633.1692592748
13.46,4.986202687299698e6,-6.208160240285292e6,-610978.7764927973
13.47,4.990870276509459e6,-6.235519043962093e6,-622324.383726317
13.48,4.99553786571922e6,-6.262877847638891e6,-633669.9909598357
13.49,5.00020545492898e6,-6.290236651315687e6,-645015.5981933535
13.5,5.004873044138739e6,-6.317595454992492e6,-656361.2054268764
13.51,5.0095406333484985e6,-6.344954258669294e6,-667706.812660398
13.52,5.014208222558258e6,-6.372313062346091e6,-679052.4198939162
13.53,5.018875811768018e6,-6.39967186602289e6,-690398.0271274364
13.54,5.023543400977777e6,-6.427030669699688e6,-701743.6343609556
13.55,5.028210990187538e6,-6.454389473376489e6,-713089.2415944757
13.56,5.032878579397298e6,-6.48174827705329e6,-724434.8488279958
13.57,5.037546168607058e6,-6.509107080730091e6,-735780.4560615164
13.58,5.042213757816819e6,-6.536465884406895e6,-747126.0632950384
13.59,5.046881347026577e6,-6.563824688083692e6,-758471.6705285576
13.6,5.05154893623634e6,-6.591196599093892e6,-769823.831428776
13.61,5.056216525446098e6,-6.6185850484514935e6,-781184.2615026976
13.62,5.060884114655859e6,-6.646042703261481e6,-792579.2943028109
13.63,5.0655517038656175e6,-6.673674778978287e6,-804061.5375563349
13.64,5.070219293075379e6,-6.701306854695087e6,-815543.7808098542
13.65,5.074886882285137e6,-6.7289389304118855e6,-827026.0240633744
13.66,5.079554471494898e6,-6.756745868147303e6,-838595.6983262026
13.67,5.084222060704658e6,-6.784676787318505e6,-850227.3633069238
13.68,5.088889649914418e6,-6.812970621067426e6,-862040.4855765039
13.69,5.093557239124179e6,-6.841269973070624e6,-873856.3669732227
13.7,5.0982248283339385e6,-6.869569325073821e6,-885672.248369941
13.71,5.102892417543697e6,-6.89786867707703e6,-897488.1297666663
13.72,5.10756000675346e6,-6.926168029080229e6,-909304.0111633847
13.73,5.112227595963217e6,-6.954467381083428e6,-921119.8925601053
13.74,5.11689518517298e6,-6.982766733086629e6,-932935.7739568246
13.75,5.121562774382738e6,-7.011066085089826e6,-944751.6553535438
13.76,5.126230363592497e6,-7.039365437093029e6,-956567.5367502659
13.77,5.1308979528022595e6,-7.067664789096228e6,-968383.4181469842
13.78,5.135565542012017e6,-7.09596414109943e6,-980199.2995437062
13.79,5.140233131221777e6,-7.124263493102624e6,-992015.1809404236
13.8,5.144900720431538e6,-7.152562845105834e6,-1.003831062337148e6
13.81,5.149568309641298e6,-7.18086219710903e6,-1.0156469437338659e6
13.82,5.1542358988510575e6,-7.209161549112224e6,-1.0274628251305833e6
13.83,5.15890348806082e6,-7.237460901115432e6,-1.0392787065273062e6
13.84,5.163571077270578e6,-7.265760253118624e6,-1.0510945879240232e6
13.85,5.168238666480339e6,-7.294059605121824e6,-1.0629104693207424e6
13.86,5.172906255690098e6,-7.322358957125025e6,-1.0747263507174635e6
13.87,5.177573844899859e6,-7.350658309128228e6,-1.0865422321141842e6
13.88,5.182241434109618e6,-7.3789576611314295e6,-1.0983581135109058e6
13.89,5.186909023319379e6,-7.407257013134625e6,-1.1101739949076227e6
13.9,5.191576612529138e6,-7.435556365137827e6,-1.1219898763043443e6
13.91,5.1962442017389e6,-7.463993092484592e6,-1.1338744453728464e6
13.92,5.200911790948658e6,-7.492509564951796e6,-1.145798887001569e6
13.93,5.205579380158419e6,-7.521026037418995e6,-1.1577233286302881e6
13.94,5.2102469693681775e6,-7.549542509886196e6,-1.1696477702590092e6
13.95,5.214914558577939e6,-7.578058982353392e6,-1.1815722118877266e6
13.96,5.2195821477876995e6,-7.606575454820599e6,-1.19349665351645e6
13.97,5.224249736997459e6,-7.635130012836395e6,-1.2054401379194679e6
13.98,5.228917326207218e6,-7.663823356783597e6,-1.2174530152881895e6
13.99,5.233584915416979e6,-7.69251670073079e6,-1.2294658926569056e6
14.0,5.238252504626738e6,-7.721210044677997e6,-1.2414787700256296e6
14.01,5.242920093836497e6,-7.749903388625194e6,-1.2534916473943489e6
14.02,5.247587683046259e6,-7.778596732572389e6,-1.265504524763065e6
14.03,5.252255272256017e6,-7.80729007651959e6,-1.2775174021317866e6
14.04,5.256922861465778e6,-7.8359834204667965e6,-1.2895302795005091e6
14.05,5.261590450675537e6,-7.864676764413994e6,-1.3015431568692285e6
14.06,5.266258039885297e6,-7.893370108361195e6,-1.3135560342379487e6
14.07,5.270925629095059e6,-7.922063452308393e6,-1.325568911606667e6
14.08,5.2755932183048185e6,-7.950756796255596e6,-1.3375817889753887e6
14.09,5.280260807514576e6,-7.979450140202793e6,-1.3495946663441085e6
14.1,5.2849283967243405e6,-8.008143484149991e6,-1.361607543712825e6
14.11,5.289595985934098e6,-8.036836828097191e6,-1.3736204210815462e6
14.12,5.29426357514386e6,-8.065530172044391e6,-1.3856332984502655e6
14.13,5.298931164353618e6,-8.094223515991599e6,-1.3976461758189905e6
14.14,5.303598753563378e6,-8.122916859938794e6,-1.409659053187708e6
14.15,5.308266342773138e6,-8.151610203885995e6,-1.4216719305564286e6
14.16,5.312933931982899e6,-8.180303547833193e6,-1.433684807925147e6
14.17,5.317601521192658e6,-8.208996891780394e6,-1.4456976852938682e6
14.18,5.32226911040242e6,-8.237690235727595e6,-1.4577105626625875e6
14.19,5.326936699612179e6,-8.2663835796747925e6,-1.4697234400313068e6
14.2,5.331604288821939e6,-8.295076923621993e6,-1.4817363174000266e6
14.21,5.336271878031698e6,-8.3237702675691955e6,-1.4937491947687487e6
14.22,5.340939467241459e6,-8.3524636115163965e6,-1.505762072137469e6
14.23,5.345607056451218e6,-8.381272113143604e6,-1.517832528346193e6
14.24,5.350274645660981e6,-8.410218757098801e6,-1.5299720557189104e6
14.25,5.354942234870737e6,-8.439165401054004e6,-1.5421115830916334e6
14.26,5.359609824080497e6,-8.468112045009203e6,-1.554251110464353e6
14.27,5.364277413290258e6,-8.4970586889644e6,-1.5663906378370714e6
14.28,5.368945002500017e6,-8.5260053329196e6,-1.5785301652097912e6
14.29,5.373612591709778e6,-8.554951976874802e6,-1.5906696925825123e6
14.3,5.378280180919538e6,-8.583898620830009e6,-1.6028092199552353e6
14.31,5.382947770129299e6,-8.612845264785204e6,-1.6149487473279526e6
14.32,5.3876153593390575e6,-8.64179190874041e6,-1.6270882747006766e6
14.33,5.392282948548819e6,-8.6707385526956e6,-1.6392278020733907e6
14.34,5.396950537758579e6,-8.699685196650805e6,-1.6513673294461132e6
14.35,5.401618126968339e6,-8.728631840606004e6,-1.6635068568188325e6
14.36,5.406285716178099e6,-8.757578484561201e6,-1.6756463841915512e6
14.37,5.410953305387858e6,-8.786525128516402e6,-1.687785911564272e6
14.38,5.415620894597618e6,-8.815471772471603e6,-1.6999254389369925e6
14.39,5.42028848380738e6,-8.844418416426806e6,-1.7120649663097127e6
14.4,5.424956073017137e6,-8.873365060382003e6,-1.724204493682433e6
14.41,5.429623662226899e6,-8.902311704337204e6,-1.7363440210551526e6
14.42,5.434291251436659e6,-8.931258348292403e6,-1.748483548427872e6
14.43,5.43895884064642e6,-8.960204992247602e6,-1.7606230758005911e6
14.44,5.443626429856178e6,-8.989151636202803e6,-1.7727626031733123e6
14.45,5.448294019065938e6,-9.018098280158004e6,-1.784902130546033e6
14.46,5.452961608275699e6,-9.047044924113203e6,-1.7970416579187517e6
14.47,5.45762919748546e6,-9.075991568068402e6,-1.809181185291471e6
14.48,5.462296786695217e6,-9.10493821202361e6,-1.8213207126641967e6
14.49,5.466964375904979e6,-9.133884855978802e6,-1.8334602400369113e6
14.5,5.471631965114739e6,-9.162831499934005e6,-1.845599767409633e6
14.51,5.4762995543244975e6,-9.191778143889207e6,-1.857739294782355e6
14.52,5.480967143534258e6,-9.2207247878444e6,-1.8698788221550714e6
14.53,5.485634732744016e6,-9.249671431799602e6,-1.882018349527793e6
14.54,5.490302321953778e6,-9.278686427908245e6,-1.8941920529772337e6
14.55,5.494969911163538e6,-9.308010554526657e6,-1.9065203216815596e6
14.56,5.499637500373298e6,-9.337334681145055e6,-1.9188485903858785e6
14.57,5.504305089583057e6,-9.366658807763455e6,-1.9311768590901992e6
14.58,5.508972678792818e6,-9.395982934381854e6,-1.9435051277945177e6
14.59,5.513640268002577e6,-9.42540871465691e6,-1.9558842233271664e6
14.6,5.5183078572123395e6,-9.454908054955311e6,-1.9683000988714858e6
14.61,5.522975446422096e6,-9.484407395253709e6,-1.9807159744158061e6
14.62,5.527643035631858e6,-9.51390673555211e6,-1.993131849960126e6
14.63,5.532310624841618e6,-9.543406075850511e6,-2.0055477255044463e6
14.64,5.536978214051378e6,-9.572905416148923e6,-2.0179636010487727e6
14.65,5.541645803261137e6,-9.602404756447315e6,-2.0303794765930893e6
14.66,5.5463133924709e6,-9.631904096745716e6,-2.0427953521374082e6
14.67,5.550980981680661e6,-9.661403437044116e6,-2.0552112276817271e6
14.68,5.555648570890417e6,-9.690902777342508e6,-2.0676271032260451e6
14.69,5.560316160100178e6,-9.720402117640909e6,-2.0800429787703655e6
14.7,5.564983749309938e6,-9.749901457939312e6,-2.0924588543146867e6
14.71,5.569651338519697e6,-9.779400798237713e6,-2.104874729859008e6
14.72,5.5743189277294595e6,-9.808900138536118e6,-2.1172906054033292e6
14.73,5.578986516939219e6,-9.838399478834514e6,-2.1297064809476472e6
14.74,5.583654106148976e6,-9.867898819132913e6,-2.1421223564919685e6
14.75,5.588321695358738e6,-9.897398159431316e6,-2.154538232036289e6
14.76,5.592989284568499e6,-9.926897499729715e6,-2.166954107580608e6
14.77,5.597656873778257e6,-9.95639684002811e6,-2.179369983124927e6
14.78,5.602324462988017e6,-9.98589618032651e6,-2.1917858586692465e6
14.79,5.606992052197779e6,-1.001539552062491e7,-2.2042017342135655e6
14.8,5.611659641407537e6,-1.004489486092332e7,-2.2166176097578914e6
14.81,5.616327230617298e6,-1.007439420122172e7,-2.229033485302211e6
14.82,5.620994819827059e6,-1.010389354152011e7,-2.241449360846525e6
14.83,5.625662409036817e6,-1.013339288181851e7,-2.253865236390847e6
14.84,5.630329998246578e6,-1.0162892222116914e7,-2.266281111935168e6
14.85,5.63499758745634e6,-1.0192391562415313e7,-2.2786969874794865e6
14.86,5.6396651766661e6,-1.0221890902713714e7,-2.2911128630238073e6
14.87,5.644332765875856e6,-1.025139024301212e7,-2.3035287385681313e6
14.88,5.649000355085619e6,-1.0280889583310515e7,-2.315944614112448e6
14.89,5.6536679442953775e6,-1.0310678049575387e7,-2.3285050526400045e6
14.9,5.658335533505138e6,-1.0340543143434577e7,-2.3411038049647193e6
14.91,5.6630031227148995e6,-1.0370408237293778e7,-2.3537025572894393e6
14.92,5.66767071192466e6,-1.0400273331152972e7,-2.366301309614156e6
14.93,5.672338301134417e6,-1.0430138425012184e7,-2.3789000619388837e6
14.94,5.677005890344179e6,-1.0460018493791578e7,-2.3915063017236996e6
14.95,5.68167347955394e6,-1.0490195780154783e7,-2.4042611503004218e6
14.96,5.686341068763697e6,-1.0520373066517986e7,-2.417015998877145e6
14.97,5.691008657973459e6,-1.0550550352881186e7,-2.4297708474538634e6
14.98,5.69567624718322e6,-1.0580727639244387e7,-2.442525696030583e6
14.99,5.700343836392976e6,-1.061090492560759e7,-2.455280544607307e6
15.0,5.705011425602738e6,-1.064108221197078e7,-2.468035393184021e6
