scenario,profit
s0001,191374.68086280543
s0002,175310.8608179961
s0003,158536.72701269973
s0004,175206.0884789708
s0005,171911.71226226573
s0006,165962.3505033227
s0007,141858.03515240957
s0008,177451.36732967896
s0009,157462.9185609704
s0010,143317.7458744118
s0011,186441.36854487867
s0012,179482.14439645328
s0013,165120.4832150986
s0014,157676.88979155902
s0015,164300.4208556284
s0016,169239.6736562685
s0017,179126.95111550883
s0018,162105.83853244467
s0019,181034.25719448508
s0020,155754.60699160708
s0021,179298.33929808417
s0022,158636.03825196318
s0023,158686.2274655335
s0024,148200.07507624303
s0025,193400.43683549465
s0026,190107.30446370548
s0027,206727.32064610266
s0028,164559.47886523264
s0029,184167.65128158656
s0030,189515.13100099209
s0031,169403.48653979014
s0032,178704.0668179298
s0033,144106.6586195992
s0034,169666.55174733148
s0035,150847.4447945591
s0036,182307.57694077067
s0037,170149.89704800298
s0038,172753.09259848436
s0039,114584.13735156156
s0040,182643.33306616754
s0041,174408.08363533227
s0042,162157.25806179148
s0043,175004.3512562654
s0044,165735.2596664133
s0045,228129.27235539025
s0046,190932.1697906846
s0047,199288.1497068895
s0048,232213.81974226632
s0049,150871.41808381127
s0050,162744.68720115174
s0051,171799.4826196303
s0052,176583.5866168463
s0053,164234.4214727517
s0054,165173.48313166687
s0055,160324.31408166955
s0056,174619.84263698146
s0057,164921.44414513657
s0058,180153.32784729585
s0059,164259.9104244098
s0060,124885.20547469595
s0061,180016.2082552765
s0062,179867.15697211554
s0063,162832.89606947184
s0064,162539.83143866734
s0065,176530.10219645887
s0066,183287.76466030665
s0067,185052.9251379695
s0068,163096.98005243624
s0069,160964.44729113966
s0070,169991.78981669113
s0071,224799.65903643548
s0072,178369.36220808333
s0073,143388.43326432243
s0074,171293.85475207499
s0075,178809.0821179564
s0076,176639.81164320535
s0077,173446.21147387486
s0078,154205.942726651
s0079,161095.09706637848
s0080,171513.93829874464
s0081,166541.66105386813
s0082,189243.80979885848
s0083,163543.03320125883
s0084,157349.1687369553
s0085,150436.44164735824
s0086,180937.538566084
s0087,178411.51064848556
s0088,164800.43150958946
s0089,165938.19072253464
s0090,175993.84690571442
s0091,160459.4877105045
s0092,171049.36784135946
s0093,172421.86156409734
s0094,193851.95594796655
s0095,172936.28806968353
s0096,175657.9003067046
s0097,150570.23589023578
s0098,159805.90781797352
s0099,162192.2673138105
s0100,154829.23284709206
s0101,171744.28015891116
s0102,162744.13630357312
s0103,183426.713230387
s0104,160891.49641497247
s0105,184762.78897729635
s0106,155792.73686860854
s0107,183165.056940544
s0108,179570.12031591922
s0109,183232.9961306533
s0110,185000.63369992448
s0111,167941.7645260543
s0112,171800.93627170773
s0113,180693.56331066455
s0114,163404.89983236179
s0115,176212.52592219002
s0116,188413.7456187034
s0117,189157.20262474136
s0118,179455.28749525725
s0119,164240.12664478744
s0120,162556.942929432
s0121,175248.28972339258
s0122,180466.76364995725
s0123,191293.09262820147
s0124,181117.43983153455
s0125,176783.03206162987
s0126,183975.38483848923
s0127,173163.93045954313
s0128,149183.59105943833
s0129,182744.198102733
s0130,178594.27147376665
s0131,185859.32162849908
s0132,151552.25962955932
s0133,193389.90021425442
s0134,210834.99273268378
s0135,177374.3914632783
s0136,142782.28493475128
s0137,174947.8256671816
s0138,179828.3314823045
s0139,178872.3156689091
s0140,168621.28831791712
s0141,165157.26082808073
s0142,177266.3850679634
s0143,190194.1476733174
s0144,162687.3036173665
s0145,210347.9061409504
s0146,162529.80376322637
s0147,165222.5435186808
s0148,129034.88270109963
s0149,190040.0506235833
s0150,134712.1034049284
s0151,168377.92231434604
s0152,201174.94591123433
s0153,179598.6072398992
s0154,174958.36288604146
s0155,178769.3194382656
s0156,186813.68682134984
s0157,169687.14314461945
s0158,199306.39940388626
s0159,159673.913607638
s0160,206230.54967172485
s0161,161432.4804598331
s0162,139995.23430994558
s0163,180383.306129703
s0164,157558.2340874465
s0165,163102.2830203384
s0166,133357.7171436834
s0167,171458.63339094937
s0168,186365.04307962168
s0169,172598.41741720957
s0170,146527.8735414986
s0171,150950.22776305198
s0172,172553.66179329096
s0173,178779.74768682595
s0174,173232.2959403669
s0175,132582.85662694383
s0176,170474.8360037043
s0177,164385.71175350528
s0178,168209.01005030147
s0179,177775.2916201042
s0180,158833.98608176227
s0181,180868.5827468058
s0182,176204.99108016997
s0183,224501.5153191953
s0184,186999.5071412881
s0185,174136.3169235098
s0186,165219.12185980452
s0187,142467.93972831077
s0188,152791.96662657845
s0189,180651.8308602155
s0190,167949.47177382722
s0191,161722.96735681608
s0192,139294.53329734644
s0193,189668.95305155232
s0194,192085.93754455773
s0195,169014.83549005826
s0196,171856.67332039116
s0197,188040.97276530013
s0198,176686.46374505194
s0199,174354.72848544014
s0200,180060.85611665243
s0201,201850.8616563897
s0202,168325.21711564777
s0203,154312.05622233747
s0204,177356.95351248293
s0205,171369.5262083988
s0206,197885.3885100038
s0207,179863.92620323895
s0208,204741.01560335324
s0209,193264.9960105174
s0210,151006.6331610395
s0211,194697.97063677004
s0212,180188.074153333
s0213,167385.25197061934
s0214,182981.90071546743
s0215,184721.3637962478
s0216,178298.25662366193
s0217,159824.1407915684
s0218,173981.91942083876
s0219,180861.30844479942
s0220,172239.15037504185
s0221,152884.97855757028
s0222,181016.15044185432
s0223,180560.41719926108
s0224,196818.8613502412
s0225,174612.139312066
s0226,204909.49282937893
s0227,174767.93895013287
s0228,183252.72381228395
s0229,210128.21068715866
s0230,169458.22955311433
s0231,156806.90206319006
s0232,158013.10293926863
s0233,150756.28585998475
s0234,143256.24639312038
s0235,207126.6266934575
s0236,175607.0319195646
s0237,152181.50920941983
s0238,206142.20707286484
s0239,157372.77933746422
s0240,171734.68884689166
s0241,145914.7660995669
s0242,155429.7223370335
s0243,168537.4745464878
s0244,163408.06633184303
s0245,175758.8311404275
s0246,159254.40613558516
s0247,187596.86412095846
s0248,184586.46101091025
s0249,193375.6632195425
s0250,207066.68087000176
s0251,171662.27521271113
s0252,164289.10294529542
s0253,187488.98935472008
s0254,177063.77228730937
s0255,185058.33422977893
s0256,168071.66762726687
s0257,169407.08815456872
s0258,172568.73289917616
s0259,159602.1927771182
s0260,187917.7279911061
s0261,191072.97326946192
s0262,159421.83928884869
s0263,171428.07913659938
s0264,157018.6731517921
s0265,123927.19755992343
s0266,156156.9506908614
s0267,169058.59841054043
s0268,161644.6275804617
s0269,195857.9600657165
s0270,154175.67232098617
s0271,179081.23805167945
s0272,169736.59453274548
s0273,159808.85692425634
s0274,203881.24733706575
s0275,168596.7602443005
s0276,168273.56222355986
s0277,179855.7506362623
s0278,172475.7621307126
s0279,171082.38784627616
s0280,154072.9659534558
s0281,165032.71252288183
s0282,163596.53353263726
s0283,175692.90373618595
s0284,168328.5102421306
s0285,195273.6734206136
s0286,142920.3347429289
s0287,188410.9841375771
s0288,169068.07308781118
s0289,174513.97160667952
s0290,166978.54507203616
s0291,179907.98815787863
s0292,175939.02466278378
s0293,172309.79825642746
s0294,156613.17109743765
s0295,166531.93815345052
s0296,156535.96883231105
s0297,182740.86890488258
s0298,167720.1864293327
s0299,173640.48707373027
s0300,138074.2936642202
s0301,154150.7459431631
s0302,151304.2045606438
s0303,169580.7214669168
s0304,149937.37934390968
s0305,170851.29941207613
s0306,172244.74912937035
s0307,178148.17113275183
s0308,184820.54721183327
s0309,170885.0402931752
s0310,144288.14747718078
s0311,171159.24845033855
s0312,163524.64486719493
s0313,175681.005072412
s0314,177069.2302098592
s0315,177703.50371307935
s0316,176598.21934349512
s0317,157799.38087382854
s0318,170830.06343578213
s0319,168132.32807704672
s0320,181096.95635093353
s0321,145891.0545726817
s0322,163687.41268525997
s0323,174953.71546794803
s0324,180267.48841841784
s0325,154810.45452695063
s0326,165940.41669346858
s0327,173652.57011133686
s0328,176062.48486855757
s0329,165147.41981235062
s0330,178928.65735534974
s0331,187944.84586071243
s0332,172135.25663995647
s0333,182472.34885922502
s0334,180148.94827320086
s0335,211988.9796337485
s0336,171064.49511309282
s0337,168576.61551974225
s0338,156144.63157765413
s0339,164523.04016339505
s0340,174835.64426609888
s0341,143520.94428623616
s0342,169614.29590667857
s0343,173626.5657099823
s0344,161363.2370456381
s0345,183465.10101065846
s0346,126591.76761443973
s0347,171506.2984138148
s0348,216888.32868421313
s0349,176982.82477745897
s0350,183186.38166169735
s0351,141210.63096858858
s0352,149320.56068219303
s0353,178728.63360949515
s0354,148799.34772915943
s0355,176251.94713018427
s0356,179620.5122458206
s0357,188058.78685237313
s0358,141890.97554428552
s0359,188249.87283727687
s0360,179127.37250370736
s0361,181056.26584763403
s0362,167344.66965443458
s0363,164998.78663247504
s0364,223172.48682528755
s0365,174194.95275598642
s0366,179781.3020293485
s0367,180643.25309531498
s0368,149506.6492741606
s0369,170014.04959797495
s0370,158073.81940555442
s0371,167098.09055150044
s0372,151363.4642294862
s0373,201620.23729759894
s0374,168296.50209301818
s0375,162808.7462679435
s0376,159230.0063650482
s0377,167308.29150145766
s0378,162932.68239355355
s0379,196220.2333727374
s0380,167684.97086576495
s0381,179035.15715317088
s0382,112899.59789785682
s0383,185769.14610489213
s0384,130182.899250277
s0385,188252.8506264295
s0386,172986.71383294978
s0387,172176.13234149164
s0388,179820.7917797267
s0389,166130.35650050046
s0390,157485.7719571364
s0391,157930.78748489672
s0392,139765.41106500596
s0393,162918.80309945944
s0394,136960.48859844054
s0395,174278.04331979516
s0396,165904.88770598592
s0397,172631.66580991755
s0398,161984.9924201172
s0399,160880.9879462598
s0400,163993.82571626187
s0401,168529.56721669054
s0402,179450.6200765318
s0403,172607.91054313016
s0404,164997.2888990402
s0405,162690.7380226321
s0406,161303.7180861375
s0407,178581.49208000855
s0408,192024.76251909096
s0409,191464.04632938452
s0410,176784.75918896994
s0411,157200.59532768908
s0412,158430.6109469191
s0413,170476.60430891984
s0414,172722.55531878537
s0415,178775.36303167572
s0416,168910.90742648777
s0417,183255.84390180215
s0418,156327.1979151683
s0419,176544.20907514283
s0420,173662.25498129084
s0421,147975.39433417973
s0422,179293.39679029613
s0423,180424.19396248992
s0424,167822.09470110902
s0425,179503.58961443815
s0426,212851.18837285147
s0427,171178.7013408119
s0428,147793.2204297535
s0429,188300.8431893322
s0430,156621.5332882925
s0431,167267.84376513635
s0432,145542.90594085626
s0433,178844.0419803846
s0434,172024.25466527147
s0435,177162.72689311972
s0436,186452.41545049974
s0437,190089.760923385
s0438,181043.40518669438
s0439,145177.68960471285
s0440,197244.99893296702
s0441,162861.81795068205
s0442,207657.97507841035
s0443,198661.71266292842
s0444,167395.0750961612
s0445,172881.15740789118
s0446,182948.10950739938
s0447,168783.00789340306
s0448,164857.56646400283
s0449,156617.0230263144
s0450,177674.89688928722
s0451,173326.36469173396
s0452,163674.71994516806
s0453,156563.06665959512
s0454,182832.9860070493
s0455,169117.0483227144
s0456,161791.2552758507
s0457,155018.26716085715
s0458,164455.84962981683
s0459,161890.73838004688
s0460,171431.53623364514
s0461,166135.36006890598
s0462,174424.95319274184
s0463,159216.78032486798
s0464,158413.4375222692
s0465,172142.21296433744
s0466,162558.0147568805
s0467,152742.2430095963
s0468,147783.43250296373
s0469,156842.84356075953
s0470,184387.86204327544
s0471,168532.341857009
s0472,169817.42903656283
s0473,167850.26335345526
s0474,169164.44734328665
s0475,191345.4926134208
s0476,148473.6233340687
s0477,162288.58215065522
s0478,156824.78452725944
s0479,134720.07957829288
s0480,158270.00294175188
s0481,181750.40690518703
s0482,176061.07632358573
s0483,189042.05786902204
s0484,173131.9105408757
s0485,167346.28968770383
s0486,146644.922988662
s0487,134098.41468119711
s0488,166846.4578885124
s0489,158275.057818179
s0490,173212.70287697372
s0491,201874.01897589033
s0492,144710.2642003143
s0493,143219.58223601762
s0494,159481.02120431876
s0495,152030.22160675508
s0496,193403.08885145892
s0497,170236.30010184008
s0498,126617.7253207538
s0499,165892.82186964506
s0500,150177.81463750007
s0501,151020.4798143011
s0502,154736.68746698505
s0503,199306.48288572373
s0504,193853.41165761402
s0505,182130.71837848364
s0506,180693.0192973138
s0507,165696.29462220226
s0508,164842.55786055373
s0509,153830.39303933212
s0510,175386.65095086434
s0511,180085.6570244966
s0512,178240.1722884167
s0513,178487.52376596784
s0514,170872.17379115304
s0515,140945.3133132717
s0516,170995.11566786718
s0517,181578.9704711737
s0518,134178.8337658571
s0519,197333.55629389037
s0520,181318.17103607964
s0521,185931.36207268827
s0522,174846.45232623362
s0523,159709.9815384907
s0524,178612.47345581805
s0525,170626.93103896917
s0526,184659.69939130716
s0527,172895.85052023298
s0528,177286.68327140107
s0529,173199.30829142628
s0530,184360.89614097326
s0531,153348.46837636642
s0532,175476.81334830477
s0533,166890.00998756662
s0534,165450.33094731817
s0535,162030.94100973193
s0536,220478.18275773377
s0537,175120.9594506996
s0538,184176.07976501866
s0539,143732.69818564417
s0540,195039.28068218072
s0541,134574.26179467267
s0542,181927.51597258757
s0543,155698.1576728203
s0544,164440.012638774
s0545,161569.13036763118
s0546,186222.83968429145
s0547,194282.02986575282
s0548,174358.0167560621
s0549,171238.13417981545
s0550,135801.51369987117
s0551,172079.40705726482
s0552,175759.4783958255
s0553,174605.43213804916
s0554,169991.1209982333
s0555,163626.3702407177
s0556,153789.39572966855
s0557,171771.8528445629
s0558,174261.18394808954
s0559,172850.00306428783
s0560,167167.21685656326
s0561,166777.40067397617
s0562,174404.8830817395
s0563,157995.53220917255
s0564,132871.5642724353
s0565,158745.20024027445
s0566,160441.6127820832
s0567,167790.33717924487
s0568,144353.3058410188
s0569,206904.52987694513
s0570,163861.88803225625
s0571,175693.69825101193
s0572,181040.5868418486
s0573,186050.0608238447
s0574,159534.60851300304
s0575,199953.67672597544
s0576,165474.75018074355
s0577,153107.53229481654
s0578,160142.1370411739
s0579,167013.38748350076
s0580,166498.7407494426
s0581,180659.5159330775
s0582,179076.6303159695
s0583,142173.8011440554
s0584,155901.54097897134
s0585,198073.16749369615
s0586,177100.22112671248
s0587,191090.7824795771
s0588,196430.88678695876
s0589,160865.16105070483
s0590,165721.7620323894
s0591,170084.15896375637
s0592,165632.04368307465
s0593,139622.71294153354
s0594,156211.18017330233
s0595,176013.91685256374
s0596,181307.6895208048
s0597,158422.79259217242
s0598,189921.5865290354
s0599,148714.55145192982
s0600,167042.7700193204
s0601,152026.59732258023
s0602,178995.9827617982
s0603,160032.52080204614
s0604,177244.33047938085
s0605,173386.18870811237
s0606,221565.59625095877
s0607,160276.78881255494
s0608,177714.24419017756
s0609,165511.7150983434
s0610,177462.2478677382
s0611,152428.51343737787
s0612,162329.43674935208
s0613,178001.00831795705
s0614,170879.02537637475
s0615,170318.56534735594
s0616,176632.75049992494
s0617,161106.83861813447
s0618,152497.6972838962
s0619,154827.51403643782
s0620,166867.41692575545
s0621,173040.3499382121
s0622,167823.40624526684
s0623,179561.57919783096
s0624,168214.36004180848
s0625,173311.08492573263
s0626,140657.2795215789
s0627,152699.33593695608
s0628,177670.30986625992
s0629,168395.00013769392
s0630,176214.34335650015
s0631,144902.34112740314
s0632,171280.56068004307
s0633,162460.99241671816
s0634,153580.21400876323
s0635,184945.65707367213
s0636,154340.48556871185
s0637,145920.18429715539
s0638,170418.18411895348
s0639,163664.58657798637
s0640,157324.333290211
s0641,167043.29332357307
s0642,157255.53900936292
s0643,148042.4480532939
s0644,180708.90981570707
s0645,147642.48671931677
s0646,182380.92481038754
s0647,175386.2183052833
s0648,153877.21257671618
s0649,173634.88551698852
s0650,179939.01568902424
s0651,172628.26659957654
s0652,185562.8930683197
s0653,211835.27382832457
s0654,164379.4034462928
s0655,154151.76593685758
s0656,158810.40459891787
s0657,166364.5749978192
s0658,133655.15906824567
s0659,162926.84158412
s0660,163407.09238499656
s0661,188369.5763223527
s0662,166220.69380570896
s0663,188853.4743389631
s0664,190088.16269806089
s0665,184448.3354443028
s0666,177710.38459881168
s0667,182313.04557567873
s0668,159763.0479117673
s0669,195246.7332232435
s0670,180346.17431429334
s0671,211438.48093812403
s0672,161316.18890805234
s0673,167467.4511067205
s0674,200964.27297894884
s0675,184331.44837872402
s0676,165862.06016984014
s0677,141193.0602019614
s0678,174277.4556663795
s0679,177930.11350537767
s0680,159605.28578346773
s0681,162049.60384779552
s0682,165614.1730700201
s0683,172540.08871189316
s0684,142714.65075664438
s0685,235579.5255860859
s0686,175464.29263114568
s0687,166884.94380856497
s0688,171625.21923938819
s0689,169607.12368472305
s0690,154167.53861435843
s0691,178979.56620472547
s0692,148928.7189585143
s0693,174277.44223395243
s0694,170221.3967303002
s0695,190723.1777103175
s0696,181667.53234542333
s0697,187431.21561121056
s0698,150354.4475926885
s0699,144795.8724283912
s0700,173457.9027532897
s0701,183666.3261143871
s0702,150689.44615557083
s0703,176925.79397506276
s0704,200405.6280284871
s0705,175834.90341089034
s0706,171703.5470535287
s0707,181023.90136671078
s0708,158039.1695027584
s0709,160265.3875954525
s0710,178486.74793381692
s0711,157423.32442692167
s0712,175941.78607614522
s0713,175589.0754640003
s0714,169857.70967013613
s0715,157533.0437911076
s0716,169251.74906289196
s0717,179080.55553585733
s0718,132185.88388091326
s0719,143653.5619167284
s0720,173334.83417918862
s0721,162992.57124355595
s0722,160230.60417291446
s0723,159449.44985649062
s0724,176541.21844016673
s0725,168705.79681679403
s0726,173531.11608349948
s0727,180381.96765219336
s0728,163681.32105322302
s0729,179565.37350588193
s0730,180223.84813919463
s0731,149468.9762711382
s0732,176325.85574663075
s0733,153528.67791719403
s0734,167114.00056971595
s0735,173436.01905129614
s0736,157632.8461723592
s0737,178212.1291546193
s0738,187158.40620382605
s0739,167552.61661506983
s0740,171618.89639975253
s0741,161029.85123256713
s0742,201300.92881411407
s0743,176516.89669287507
s0744,143520.94428623607
s0745,179662.16998375324
s0746,190573.65336276434
s0747,218412.4231073298
s0748,175809.71866837444
s0749,173434.82177043904
s0750,165034.58227827112
s0751,166600.2716808818
s0752,160780.82302391823
s0753,166632.90555273605
s0754,179342.9383918105
s0755,168522.374979271
s0756,190690.37001512674
s0757,209068.29026690588
s0758,165812.92799496674
s0759,166345.67105910787
s0760,150721.12289732177
s0761,170646.89973540138
s0762,161634.43596565252
s0763,171397.25176525838
s0764,159965.68773009587
s0765,176517.88192726052
s0766,170923.22424077604
s0767,174008.41902144928
s0768,211111.03624899604
s0769,151924.65954743812
s0770,177699.7058779378
s0771,178192.46912341708
s0772,191427.99639469065
s0773,189438.12868053073
s0774,185391.287538377
s0775,159315.83084491635
s0776,179665.88524537112
s0777,179380.03102378096
s0778,173338.13825087989
s0779,170106.89712611164
s0780,161700.25920818668
s0781,170553.5003119739
s0782,165066.54465263197
s0783,182969.2819435159
s0784,200993.37092831975
s0785,173598.1469227887
s0786,173841.11282880633
s0787,161810.0782133554
s0788,133843.28856457118
s0789,190490.38242066637
s0790,149535.11190593825
s0791,172570.64927502684
s0792,162017.1382327275
s0793,164095.21872586972
s0794,163933.37203875335
s0795,198585.64752603677
s0796,175771.5175298163
s0797,189552.39575833402
s0798,156851.69865473965
s0799,169822.46248065008
s0800,165950.5081855584
s0801,193795.12572377088
s0802,177128.5413566064
s0803,178401.59028073947
s0804,203539.47170384787
s0805,178368.89587460822
s0806,116002.73176003793
s0807,181103.9613125365
s0808,161525.3165891409
s0809,167998.3141029715
s0810,166933.78824988837
s0811,169596.55383784292
s0812,178513.28234285742
s0813,150975.6745879015
s0814,164979.24946436452
s0815,174088.4528973284
s0816,198574.44538730034
s0817,130713.00958221566
s0818,163936.51730714753
s0819,167983.936169763
s0820,173746.54679549832
s0821,173328.927223478
s0822,160792.76059188778
s0823,186350.807774255
s0824,183055.95564828938
s0825,190639.7647649353
s0826,190691.6276626398
s0827,178718.35009163106
s0828,173862.9962499257
s0829,194492.39140604174
s0830,175870.92343846097
s0831,211831.7046993685
s0832,164742.80425564037
s0833,173199.78295696067
s0834,156872.0264573793
s0835,156865.84168612017
s0836,181777.19350650162
s0837,146082.7067118543
s0838,166598.64988241953
s0839,196056.28578374462
s0840,179069.57181385186
s0841,177067.53176974185
s0842,165313.28918754437
s0843,190358.36882591998
s0844,183973.51439463612
s0845,159533.1728910808
s0846,155682.0394358175
s0847,175277.2088436942
s0848,165590.03974155316
s0849,165749.03134062127
s0850,141291.52590479216
s0851,143773.4554399168
s0852,183765.30821848923
s0853,186495.69147620257
s0854,181245.4715775681
s0855,168623.20297614232
s0856,187510.24324412376
s0857,134605.4215847088
s0858,163471.10688813034
s0859,177614.9568865405
s0860,182207.8676029736
s0861,193506.33025347616
s0862,197317.3145755338
s0863,157644.07877380672
s0864,163193.49230472767
s0865,156959.8446651753
s0866,176826.32016083633
s0867,169622.989062391
s0868,164340.5422762509
s0869,157428.2290545193
s0870,174797.45649856984
s0871,170777.26818398925
s0872,175669.1302274685
s0873,169046.16587528275
s0874,198080.9944639337
s0875,170015.63782165383
s0876,143750.4207997206
s0877,162043.0947034167
s0878,152224.48728208555
s0879,177286.13310668353
s0880,157066.49339630248
s0881,192660.77527979505
s0882,178835.3629225926
s0883,153108.5159240207
s0884,179666.68068655318
s0885,170345.45379237013
s0886,160835.91584966637
s0887,174202.82983162595
s0888,161665.6675677382
s0889,176292.86416383064
s0890,177592.48861373728
s0891,176000.0398221195
s0892,149814.17432428547
s0893,177236.0074000561
s0894,180192.62198015928
s0895,148605.34265188593
s0896,171349.57039041602
s0897,184989.3839221287
s0898,143686.06144157884
s0899,175183.98550177994
s0900,183959.00054361272
s0901,171950.9916821098
s0902,176725.49072985217
s0903,186111.40566076868
s0904,152513.74071903955
s0905,172010.7992818672
s0906,204243.2653709486
s0907,193418.67024416654
s0908,180471.88930472484
s0909,173766.0780689257
s0910,160704.61012588535
s0911,157835.21043624848
s0912,164125.70505328107
s0913,181089.37752213047
s0914,175086.81040223362
s0915,172225.98868937552
s0916,156039.79252538615
s0917,177949.25593388287
s0918,184150.22639392945
s0919,163685.97540125545
s0920,164449.25414740693
s0921,188313.87879251235
s0922,160561.64900703845
s0923,182762.489693173
s0924,160629.4536082574
s0925,154331.98541643954
s0926,164546.06516133956
s0927,157315.72998499672
s0928,199212.4488139464
s0929,161606.26213699594
s0930,185968.27888222932
s0931,178467.86107051754
s0932,180341.06348902418
s0933,157918.92028157163
s0934,172752.65494711764
s0935,165718.86725389445
s0936,136844.11316417617
s0937,157660.72085018747
s0938,165550.81551560748
s0939,175860.71647594636
s0940,159575.7597543232
s0941,148894.43860854744
s0942,170032.03950845433
s0943,175490.61064042634
s0944,185577.2260820324
s0945,170054.83603901378
s0946,185626.56144730008
s0947,170522.97271804983
s0948,204828.1943448575
s0949,172339.66570613545
s0950,177240.44793643637
s0951,193388.15530871172
s0952,159069.77623002004
s0953,161522.30277696982
s0954,152514.29041292146
s0955,169324.5240203123
s0956,180243.350365402
s0957,165071.03089312592
s0958,185650.499757375
s0959,174406.95717102295
s0960,159432.05752972048
s0961,181517.12169539602
s0962,203747.6409325781
s0963,185189.99011851184
s0964,161054.21700638608
s0965,161576.83811417027
s0966,172583.73176755145
s0967,168260.1821005216
s0968,177973.42246085353
s0969,178772.07601496138
s0970,184272.2159368581
s0971,152386.21376336872
s0972,149075.15910332918
s0973,177249.7607781285
s0974,158642.4738094679
s0975,196290.62622257342
s0976,149809.4367437545
s0977,168089.1711925933
s0978,168590.7312753667
s0979,166612.20977816728
s0980,183854.0048289505
s0981,161057.0883494103
s0982,172703.94884464698
s0983,176486.50694498848
s0984,172435.35010810374
s0985,175512.85981899058
s0986,184539.78056088366
s0987,178175.2628308867
s0988,130886.66377192101
s0989,169023.25015480194
s0990,154405.02007579297
s0991,130598.8286258653
s0992,150067.76989249227
s0993,179350.29407469422
s0994,171222.53919725167
s0995,143168.71852990406
s0996,168074.8044682378
s0997,195637.4395186966
s0998,174188.45118921157
s0999,173873.87548130265
s1000,161136.58564331295
