id,caiso_qpos,name,fuel_tag,class,nameplate,rho,rho_hat,cost_ann,is_intermittent,county
1,22,MONTEZUMA (HIGH WINDS III),Wind Turbine+Battery,hybrid_wind,38.0,0.5,0.35,175000.0,true,SOLANO
2,32,TULE WIND,Wind Turbine+Battery,hybrid_wind,193.8,0.5,0.35,175000.0,true,SAN DIEGO
3,54,MIDWAY PEAKING,Natural Gas+Battery,gas,119.9,0.95,0.0,120000.0,false,FRESNO
4,61,FRESNO COGENERATION EXPANSION PROJECT,Natural Gas+Battery,gas,73.27,0.95,0.0,120000.0,false,FRESNO
5,72,LAKE ELSINORE ADVANCED PUMPED STORAGE PROJECT,Pumped-Storage hydro,other,500.0,0.5,0.0,200000.0,false,RIVERSIDE
6,81,BOTTLE ROCK POWER,Geothermal+Battery,geothermal,52.01,0.95,0.0,400000.0,false,LAKE
7,96,CPC WEST,Wind Turbine+Battery+Battery,hybrid_wind,600.0,0.5,0.35,175000.0,true,KERN
8,100,WINDSTAR I ALTERNATE,Wind Turbine+Battery,hybrid_wind,120.0,0.5,0.35,175000.0,true,KERN
9,124,SILVER RIDGE MOUNT SIGNAL,Solar+Battery,hybrid_solar,600.0,0.6,0.4,160000.0,true,IMPERIAL
10,138,SANDSTORM WIND POWER ,Wind Turbine+Battery,hybrid_wind,150.0,0.5,0.35,175000.0,true,RIVERSIDE
11,222,MONTEZUMA II,Wind Turbine+Battery,hybrid_wind,78.0,0.5,0.35,175000.0,true,SOLANO
12,268,TRACY COMBINED-CYCLE POWER PLANT,Natural Gas+Battery,gas,145.0,0.95,0.0,120000.0,false,SAN JOAQUIN
13,272,AMERICAN KINGS SOLAR,Solar+Battery,hybrid_solar,123.0,0.6,0.4,160000.0,true,KINGS
14,297,ALTA VISTA SUNTOWER GENERATING STATION,Solar+Battery,hybrid_solar,66.0,0.6,0.4,160000.0,true,LOS ANGELES
15,378,LOS ESTEROS CRITICAL ENERGY FACILITY EXPANSION,Natural Gas+Battery,gas,120.0,0.95,0.0,120000.0,false,SANTA CLARA
16,493,OCOTILLO EXPRESS,Wind Turbine+Battery,hybrid_wind,265.44,0.5,0.35,175000.0,true,IMPERIAL
17,506,ROSAMOND WEST SOLAR,Solar+Battery,hybrid_solar,299.6,0.6,0.4,160000.0,true,KERN
18,539,CROW CREEK SOLAR 1 (FKA: FRONTIER SOLAR 1) (FKA AS SCATEC WESTSIDE SOLAR RANCH I AND STANISLAUS PV - PHASE 1),Solar+Battery,hybrid_solar,20.0,0.6,0.4,160000.0,true,STANISLAUS
19,606,TRACY - ADDITIONAL CAPACITY,Natural Gas,gas,20.0,0.95,0.0,120000.0,false,SAN JOAQUIN
20,625,KETTLEMAN SOLAR PROJECT (FKA KETTLEMAN SOLAR FARM),Solar+Battery,hybrid_solar,20.0,0.6,0.4,160000.0,true,KINGS
21,643R,NORTH ROSAMOND SOLAR,Solar+Battery,hybrid_solar,153.0,0.6,0.4,160000.0,true,KERN
22,653B,PUMPJACK SOLAR I (AKA PIONEER SOLAR I),Solar+Battery,hybrid_solar,20.0,0.6,0.4,160000.0,true,KERN
23,678,EXCELSIOR SOLAR (FKA: BURFORD FIVE POINTS),Solar+Battery,hybrid_solar,60.0,0.6,0.4,160000.0,true,FRESNO
24,720,LASSEN LODGE HYDROELECTRIC,Water,hydro,4.5,0.85,0.0,200000.0,false,TEHAMA
25,744,REDWOOD SOLAR FARM,Solar,solar,90.0,0.13,0.13,115000.0,true,KERN
26,768,BIG SKY SOLAR,Solar+Battery,hybrid_solar,320.0,0.6,0.4,160000.0,true,LOS ANGELES
27,779,WRIGHT SOLAR,Solar+Battery,hybrid_solar,200.0,0.6,0.4,160000.0,true,MERCED
28,900,RIO BRAVO SOLAR 1,Solar+Battery,hybrid_solar,20.0,0.6,0.4,160000.0,true,KERN
29,972,RIO BRAVO SOLAR 2,Solar+Battery,hybrid_solar,20.0,0.6,0.4,160000.0,true,KERN
30,993,SUNSHINE VALLEY SOLAR 1,Solar+Battery,hybrid_solar,50.0,0.6,0.4,160000.0,true,NYE
31,1002,LASSEN LODGE HYDROELECTRIC 2,Water,hydro,0.5,0.85,0.0,200000.0,false,TEHAMA
32,1028,LITTLE BEAR SOLAR 1,Solar+Battery,hybrid_solar,20.0,0.6,0.4,160000.0,true,FRESNO
33,1029,LITTLE BEAR SOLAR 2,Solar+Battery,hybrid_solar,20.0,0.6,0.4,160000.0,true,FRESNO
34,1048,ESCONDIDO ENERGY CENTER 2,Battery,storage,33.0,0.95,0.55,135000.0,true,SAN DIEGO
35,1062,WHITE WING RANCH SOLAR,Solar+Battery,hybrid_solar,200.0,0.6,0.4,160000.0,true,YUMA
36,1064,ARES NEVADA ,Gravity via Rail,other,44.0,0.5,0.0,200000.0,false,NYE
37,1074,GASKELL WEST,Solar+Battery,hybrid_solar,125.0,0.6,0.4,160000.0,true,KERN
38,1096,ALTAMONT MIDWAY LTD,Wind Turbine,wind,5.0,0.3,0.25,150000.0,true,ALAMEDA
39,1127,LITTLE BEAR 3,Solar+Battery,hybrid_solar,20.0,0.6,0.4,160000.0,true,FRESNO
40,1128,LITTLE BEAR 4,Solar+Battery,hybrid_solar,100.0,0.6,0.4,160000.0,true,FRESNO
41,1129,LUNA VALLEY SOLAR,Solar+Battery,hybrid_solar,200.0,0.6,0.4,160000.0,true,FRESNO
42,1135,SCARLET,Solar+Battery,hybrid_solar,400.0,0.6,0.4,160000.0,true,FRESNO
43,1169,FALLBROOK ENERGY STORAGE,Battery,storage,69.6,0.95,0.55,135000.0,true,SAN DIEGO
44,1175,LECONTE ENERGY STORAGE,Battery,storage,125.0,0.95,0.55,135000.0,true,IMPERIAL
45,1204,ARATINA SOLAR CENTER 1,Solar+Battery,hybrid_solar,200.0,0.6,0.4,160000.0,true,SAN BERNARDINO
46,1207,SIENNA SOLAR FARM,Solar+Battery,hybrid_solar,200.0,0.6,0.4,160000.0,true,SAN BERNARDINO
47,1208,ANTELOPE SOLAR 2,Battery+Solar,hybrid_solar,650.0,0.6,0.4,160000.0,true,LOS ANGELES
48,1212,GOLDEN FIELDS SOLAR,Battery+Battery,storage,92.0,0.95,0.55,135000.0,true,KERN
49,1222,AGUA CALIENTE SOLAR 2,Solar,solar,20.0,0.13,0.13,115000.0,true,MARICOPA
50,1223,DAYLIGHT,Solar+Battery,hybrid_solar,300.0,0.6,0.4,160000.0,true,KINGS
51,1242,PLUOT,Solar+Battery,hybrid_solar,246.4,0.6,0.4,160000.0,true,KINGS
52,1243,POMEGRANATE,Solar+Battery,hybrid_solar,249.7,0.6,0.4,160000.0,true,KINGS
53,1260,KYAN SOLAR,Solar,solar,100.0,0.13,0.13,115000.0,true,KERN
54,1270,CORBY,Battery,storage,300.0,0.95,0.55,135000.0,true,SOLANO
55,1277,MULQUEENEY RANCH WIND,Wind Turbine,wind,20.0,0.3,0.25,150000.0,true,ALAMEDA
56,1314,DAGGETT SOLAR 3,Solar+Battery,hybrid_solar,300.0,0.6,0.4,160000.0,true,SAN BERNARDINO
57,1322,SOLAR STAR 3,Battery+Solar,hybrid_solar,24.0,0.6,0.4,160000.0,true,KERN
58,1323,SOLAR STAR 4,Battery+Solar,hybrid_solar,24.0,0.6,0.4,160000.0,true,KERN
59,1335,PASTORIA SOLAR,Solar+Battery,hybrid_solar,105.2,0.6,0.4,160000.0,true,KERN
60,1339,TAHOE,Battery,storage,300.0,0.95,0.55,135000.0,true,CLARK
61,1347,ROCCASECCA BESS,Battery,storage,126.5934,0.95,0.55,135000.0,true,CLARK
62,1349,ARAMIS POWER PLANT,Solar+Battery,hybrid_solar,100.0,0.6,0.4,160000.0,true,ALAMEDA
63,1363,SAND HILL C,Wind Turbine,wind,80.8,0.3,0.25,150000.0,true,ALAMEDA
64,1378,GONZAGA WIND FARM,Wind Turbine,wind,76.35,0.3,0.25,150000.0,true,MERCED
65,1379,HEARTLAND 1,Solar+Battery,hybrid_solar,150.0,0.6,0.4,160000.0,true,FRESNO
66,1380,HEARTLAND 2,Solar+Battery,hybrid_solar,150.0,0.6,0.4,160000.0,true,FRESNO
67,1382,LAS CAMAS 1,Solar+Battery,hybrid_solar,100.0,0.6,0.4,160000.0,true,MERCED
68,1389,REDUX SOLAR,Solar+Battery,hybrid_solar,125.0,0.6,0.4,160000.0,true,FRESNO
69,1391,SONRISA,Solar+Battery,hybrid_solar,200.0,0.6,0.4,160000.0,true,FRESNO
70,1394,DRIFTWOOD STELLA,Solar+Battery,hybrid_solar,200.0,0.6,0.4,160000.0,true,KERN
71,1402,ATLAS COMPLEX,Battery+Solar,hybrid_solar,3200.0,0.6,0.4,160000.0,true,LA PAZ
72,1405,ATHOS POWER PLANT,Solar+Battery,hybrid_solar,450.0,0.6,0.4,160000.0,true,RIVERSIDE
73,1413,BALDY MESA,Battery+Solar,hybrid_solar,100.0,0.6,0.4,160000.0,true,SAN BERNARDINO
74,1419,CAMINO SOLAR,Solar+Battery,hybrid_solar,54.28,0.6,0.4,160000.0,true,KERN
75,1429,MOUNT LAGUNA WIND 2,Wind Turbine,wind,400.0,0.3,0.25,150000.0,true,SAN DIEGO
76,1432,STARLIGHT SOLAR,Solar+Battery,hybrid_solar,20.0,0.6,0.4,160000.0,true,SAN DIEGO
77,1435,IRONWOOD SOLAR,Solar+Battery,hybrid_solar,250.0,0.6,0.4,160000.0,true,YUMA
78,1442,AJO POWER BANK,Battery,storage,120.0,0.95,0.55,135000.0,true,SANTA CLARA
79,1444,SALOON ENERGY STORAGE,Battery,storage,150.0,0.95,0.55,135000.0,true,COLUSA
80,1454,HUMMINGBIRD ENERGY STORAGE,Battery,storage,75.0,0.95,0.55,135000.0,true,SANTA CLARA
81,1455,JANUS,Battery+Solar,hybrid_solar,80.0,0.6,0.4,160000.0,true,COLUSA
82,1456,LAS CAMAS 3,Solar+Battery,hybrid_solar,100.0,0.6,0.4,160000.0,true,MERCED
83,1457,MILPA POWER BANK,Battery,storage,3.0,0.95,0.55,135000.0,true,SANTA CLARA
84,1459,MULQUEENEY RANCH WIND 2,Wind Turbine,wind,60.0,0.3,0.25,150000.0,true,ALAMEDA
85,1461,RECLAIMED WIND,Battery,storage,90.7,0.95,0.55,135000.0,true,ALAMEDA
86,1463,SOLANO 4 WIND,Wind Turbine,wind,90.8,0.3,0.25,150000.0,true,SOLANO
87,1479,KEY STORAGE 1,Battery,storage,300.1,0.95,0.55,135000.0,true,FRESNO
88,1493,AZALEA,Solar+Battery,hybrid_solar,60.0,0.6,0.4,160000.0,true,KERN
89,1495,CHALAN SOLAR,Battery+Solar,hybrid_solar,64.9,0.6,0.4,160000.0,true,KERN
90,1499,JASMINE,Solar+Battery,hybrid_solar,70.0,0.6,0.4,160000.0,true,KERN
91,1507,PROSPECT ENERGY STORAGE,Battery,storage,49.9,0.95,0.55,135000.0,true,SACRAMENTO
92,1510,BELLEFIELD SOLAR FARM,Solar+Battery,hybrid_solar,500.0,0.6,0.4,160000.0,true,KERN
93,1518,SANBORN SOLAR 2,Solar+Battery,hybrid_solar,500.0,0.6,0.4,160000.0,true,KERN
94,1519,BALDY MESA 2,Solar+Battery,hybrid_solar,100.0,0.6,0.4,160000.0,true,SAN BERNARDINO
95,1522,ARIDA SOLAR FARM,Battery+Solar,hybrid_solar,370.0,0.6,0.4,160000.0,true,CLARK
96,1529,CENTENNIAL FLATS,Solar+Battery,hybrid_solar,500.0,0.6,0.4,160000.0,true,LA PAZ
97,1532,KETTLE SOLAR ONE,Solar+Battery,hybrid_solar,90.0,0.6,0.4,160000.0,true,SAN DIEGO
98,1534,VULCAN,Battery+Solar,hybrid_solar,250.0,0.6,0.4,160000.0,true,MARICOPA
99,1539,IRVING STORAGE,Battery,storage,750.0,0.95,0.55,135000.0,true,MONTEREY
100,1550,TANAGER STORAGE,Battery,storage,200.0,0.95,0.55,135000.0,true,SANTA CLARA
101,1552,CORMORANT STORAGE,Battery,storage,250.0,0.95,0.55,135000.0,true,SAN FRANCISCO
102,1553,JEWELFLOWER STORAGE,Battery,storage,350.0,0.95,0.55,135000.0,true,SANTA CLARA
103,1557,NOOSA ENERGY STORAGE,Battery,storage,99.0,0.95,0.55,135000.0,true,SAN JOAQUIN
104,1565,DYNAMO SOLAR,Solar,solar,24.5,0.13,0.13,115000.0,true,NAPA
105,1568,AIR STATION 1,Solar+Battery,hybrid_solar,40.0,0.6,0.4,160000.0,true,KINGS
106,1587,KINGSROAD HYBRID SOLAR,Battery+Solar,hybrid_solar,100.0,0.6,0.4,160000.0,true,KERN
107,1593,PELICANS JAW HYBRID SOLAR,Battery+Solar,hybrid_solar,500.0,0.6,0.4,160000.0,true,KINGS
108,1596,BUTTONBUSH SOLAR HYBRID ENERGY CENTER,Battery+Solar,hybrid_solar,800.0,0.6,0.4,160000.0,true,KERN
109,1604,ARATINA SOLAR CENTER 2,Solar+Battery,hybrid_solar,200.0,0.6,0.4,160000.0,true,KERN
110,1608,AVOCET STORAGE,Battery,storage,200.0,0.95,0.55,135000.0,true,LOS ANGELES
111,1611,COMMERCE ENERGY STORAGE,Battery,storage,250.0,0.95,0.55,135000.0,true,LOS ANGELES
112,1615,KESTREL STORAGE,Battery,storage,200.0,0.95,0.55,135000.0,true,LOS ANGELES
113,1619,GOLDBACK SOLAR CENTER,Battery,storage,500.0,0.95,0.55,135000.0,true,VENTURA
114,1625,ANGELENO SOLAR FARM,Battery+Solar,hybrid_solar,1150.0,0.6,0.4,160000.0,true,LOS ANGELES
115,1629,HUMIDOR STORAGE 1,Battery,storage,300.0,0.95,0.55,135000.0,true,LOS ANGELES
116,1631,BELLEFIELD 2 SOLAR FARM,Battery+Solar,hybrid_solar,500.0,0.6,0.4,160000.0,true,KERN
117,1632,SANBORN HYBRID 3,Battery+Solar,hybrid_solar,1400.0,0.6,0.4,160000.0,true,KERN
118,1636,CALYPSO SOLAR,Battery+Solar,hybrid_solar,400.0,0.6,0.4,160000.0,true,RIVERSIDE
119,1642,OBERON,Battery+Solar,hybrid_solar,500.0,0.6,0.4,160000.0,true,RIVERSIDE
120,1643,LYCAN SOLAR,Solar+Battery,hybrid_solar,400.0,0.6,0.4,160000.0,true,RIVERSIDE
121,1645,MENIFEE POWER BANK,Battery,storage,680.0,0.95,0.55,135000.0,true,RIVERSIDE
122,1646,DOUBLE BUTTE STORAGE,Battery,storage,500.0,0.95,0.55,135000.0,true,RIVERSIDE
123,1647,ARIDA 2 SOLAR FARM,Battery+Solar,hybrid_solar,700.0,0.6,0.4,160000.0,true,CLARK
124,1649,BONANZA SOLAR,Battery+Solar,hybrid_solar,300.0,0.6,0.4,160000.0,true,CLARK/NYE
125,1650,ROUGH HAT HYBRID SOLAR,Solar+Battery,hybrid_solar,200.0,0.6,0.4,160000.0,true,NYE
126,1654,YELLOW PINE 3,Solar+Battery,hybrid_solar,250.0,0.6,0.4,160000.0,true,CLARK
127,1655,BONANZA PEAK SOLAR FARM,Battery+Solar,hybrid_solar,400.0,0.6,0.4,160000.0,true,CLARK/NYE
128,1660,CIMARRON WIND,Wind Turbine,wind,300.0,0.3,0.25,150000.0,true,TECATE
129,1663,HOODINI,Battery+Solar,hybrid_solar,450.0,0.6,0.4,160000.0,true,YUMA
130,1665,KINGSLEY SOLAR FARM,Battery+Solar,hybrid_solar,360.0,0.6,0.4,160000.0,true,IMPERIAL
131,1667,SUNRISE BUTTE,Solar+Battery,hybrid_solar,150.0,0.6,0.4,160000.0,true,IMPERIAL
132,1678,HARQUAHALA SUNRISE,Battery+Solar,hybrid_solar,300.0,0.6,0.4,160000.0,true,MARICOPA
133,1687,CONAWAY HYBRID POWER PLANT,Battery+Solar,hybrid_solar,80.0,0.6,0.4,160000.0,true,YOLO
134,1690,DENALI ENERGY STORAGE,Battery,storage,101.2,0.95,0.55,135000.0,true,SAN JOAQUIN
135,1702,POTENTIA-VIRIDI,Wind Turbine+Solar+Battery,hybrid_solar,400.0,0.6,0.4,160000.0,true,SAN JOAQUIN
136,1709,ROSEMARY,Solar+Battery,hybrid_solar,35.0,0.6,0.4,160000.0,true,FRESNO
137,1718,GONZAGA HYBRID,Battery+Wind Turbine,hybrid_wind,103.65,0.5,0.35,175000.0,true,MERCED
138,1728,ZETA,Battery+Solar,hybrid_solar,75.0,0.6,0.4,160000.0,true,MERCED
139,1736,HAWKINS SOLAR HYBRID,Solar+Battery,hybrid_solar,250.0,0.6,0.4,160000.0,true,KERN
140,1740,PUFF HYBRID SOLAR,Battery+Solar,hybrid_solar,100.0,0.6,0.4,160000.0,true,KERN
141,1744,CRYSTAL FLATS ,Solar+Battery,hybrid_solar,100.0,0.6,0.4,160000.0,true,KERN
142,1745,SUNRISE POWER IMPROVEMENT,Natural Gas,gas,35.0,0.95,0.0,120000.0,false,KERN
143,1750,WINDWALKER OFFSHORE,Wind Turbine,wind,1000.0,0.3,0.25,150000.0,true,SAN LUIS OBISPO
144,1751,WINSTON HYBRID PV AND BESS,Battery+Solar,hybrid_solar,200.0,0.6,0.4,160000.0,true,KERN
145,1757,COBALT,Battery+Solar,hybrid_solar,250.0,0.6,0.4,160000.0,true,RIVERSIDE
146,1758,DESERT SANDS,Battery,storage,300.0,0.95,0.55,135000.0,true,RIVERSIDE
147,1761,GRACE ENERGY CENTER,Solar+Battery,hybrid_solar,500.0,0.6,0.4,160000.0,true,RIVERSIDE
148,1764,SAPPHIRE SOLAR,Battery+Solar,hybrid_solar,117.0,0.6,0.4,160000.0,true,RIVERSIDE
149,1766,COMMERCE ENERGY STORAGE 2,Battery,storage,250.0,0.95,0.55,135000.0,true,LOS ANGELES
150,1768,ROADHOUSE STORAGE,Battery,storage,300.0,0.95,0.55,135000.0,true,SAN BERNARDINO
151,1774,OVERNIGHT SOLAR,Solar+Battery,hybrid_solar,150.0,0.6,0.4,160000.0,true,SAN BERNARDINO
152,1779,BELLEFIELD 3 SOLAR FARM,Battery+Solar,hybrid_solar,150.0,0.6,0.4,160000.0,true,KERN
153,1782,WILLOW ROCK ENERGY STORAGE,Battery+Other,storage,500.0,0.95,0.55,135000.0,true,KERN
154,1783,SHOALS ENERGY STORAGE,Battery,storage,400.0,0.95,0.55,135000.0,true,VENTURA
155,1784,KEYHOLE WIND,Wind Turbine,wind,100.0,0.3,0.25,150000.0,true,KERN
156,1789,REXFORD 2 SOLAR FARM,Battery+Solar,hybrid_solar,200.0,0.6,0.4,160000.0,true,TULARE
157,1790,SANBORN HYBRID 4,Battery+Solar,hybrid_solar,100.0,0.6,0.4,160000.0,true,KERN
158,1791,SANBORN 5 HYBRID,Solar,solar,550.0,0.13,0.13,115000.0,true,KERN
159,1792,SEQUOIA,Battery+Solar,hybrid_solar,200.0,0.6,0.4,160000.0,true,TULARE
160,1795,ARIDA 3 SOLAR FARM,Battery+Solar,hybrid_solar,450.0,0.6,0.4,160000.0,true,CLARK
161,1796,DELAMAR ENERGY STORAGE,Battery,storage,250.0,0.95,0.55,135000.0,true,CLARK
162,1798,CALVADA SPRINGS SOLAR,Solar+Battery,hybrid_solar,250.0,0.6,0.4,160000.0,true,INYO
163,1799,ROUGH HAT 2,Battery+Solar,hybrid_solar,200.0,0.6,0.4,160000.0,true,CLARK
164,1800,PURPLE SAGE ENERGY CENTER,Battery+Solar,hybrid_solar,400.0,0.6,0.4,160000.0,true,CLARK
165,1801,WATER ROCK SOLAR 1,Solar+Battery,hybrid_solar,200.0,0.6,0.4,160000.0,true,NYE
166,1806,CAPTIVA ENERGY STORAGE,Battery,storage,250.0,0.95,0.55,135000.0,true,ORANGE
167,1810,EAST FIELD ENERGY STORAGE,Battery,storage,300.01,0.95,0.55,135000.0,true,SAN DIEGO
168,1812,DATELAND ENERGY COMPLEX,Solar+Battery,hybrid_solar,350.0,0.6,0.4,160000.0,true,YUMA
169,1824,VIENTO FRONTERIZO,Wind Turbine,wind,972.82,0.3,0.25,150000.0,true,MUNICIPALITY OF TECATE
170,1842,TOLENAS,Battery,storage,400.0,0.95,0.55,135000.0,true,SOLANO
171,1843,BRUSHY,Battery,storage,400.0,0.95,0.55,135000.0,true,SOLANO
172,1846,WILDHORSE ENERGY CENTER,Battery,storage,120.0,0.95,0.55,135000.0,true,SONOMA
173,1850,HIGH WINDS STORAGE,Battery,storage,100.0,0.95,0.55,135000.0,true,SOLANO
174,1854,CORBY 2,Battery,storage,400.0,0.95,0.55,135000.0,true,SOLANO
175,1856,ARGES BESS,Battery,storage,100.0,0.95,0.55,135000.0,true,SOLANO
176,1859,MAYACAMAS GEOTHERMAL,Geothermal,geothermal,53.0,0.95,0.0,400000.0,false,SONOMA
177,1864,TOWNSHIP POWER BANK,Battery,storage,49.0,0.95,0.55,135000.0,true,SUTTER
178,1865,SEAHAWK STORAGE,Battery,storage,200.0,0.95,0.55,135000.0,true,SANTA CRUZ
179,1866,TOKAY STORAGE,Battery,storage,100.0,0.95,0.55,135000.0,true,SANTA CLARA
180,1872,ALLEGHENY ENERGY STORAGE,Battery,storage,325.0,0.95,0.55,135000.0,true,CONTRA COSTA
181,1875,DELILAH ENERGY STORAGE,Battery,storage,500.0,0.95,0.55,135000.0,true,CONTRA COSTA
182,1876,DOUBLE SPRINGS ENERGY STORAGE,Battery,storage,100.0,0.95,0.55,135000.0,true,CALAVERAS
183,1880,PALMETTO ENERGY STORAGE,Battery,storage,75.0,0.95,0.55,135000.0,true,ALAMEDA
184,1881,SPECTRUM ENERGY STORAGE,Battery,storage,500.0,0.95,0.55,135000.0,true,ALAMEDA
185,1887,PRESIDIO,Battery+Solar,hybrid_solar,350.0,0.6,0.4,160000.0,true,SAN JOAQUIN
186,1889,HOLMAN,Battery+Wind Turbine,hybrid_wind,1500.0,0.5,0.35,175000.0,true,MONTEREY
187,1892,HARMONY STORAGE 2,Battery,storage,300.0,0.95,0.55,135000.0,true,CONTRA COSTA
188,1895,OAKDALE STORAGE,Battery,storage,100.0,0.95,0.55,135000.0,true,STANISLAUS
189,1896,PATHFINDER STORAGE,Battery,storage,260.0,0.95,0.55,135000.0,true,SAN JOAQUIN
190,1900,BAYLANDS BATTERY,Battery,storage,250.0,0.95,0.55,135000.0,true,SAN MATEO
191,1903,GOLDEN FLATS,Battery,storage,300.0,0.95,0.55,135000.0,true,STANISLAUS
192,1904,NORTHEAST CENTRAL VALLEY,Battery,storage,300.0,0.95,0.55,135000.0,true,SAN JOAQUIN
193,1911,ZORIN STORAGE,Battery,storage,180.0,0.95,0.55,135000.0,true,ALAMEDA
194,1912,ESPRESSO,Battery,storage,300.0,0.95,0.55,135000.0,true,ALAMEDA
195,1914,BLACK DIAMOND ES2,Battery,storage,175.0,0.95,0.55,135000.0,true,CONTRA COSTA
196,1915,SHERMAN ENERGY STORAGE,Battery,storage,250.0,0.95,0.55,135000.0,true,CONTRA COSTA
197,1918,KIFER BESS 1,Battery,storage,50.0,0.95,0.55,135000.0,true,SANTA CLARA
198,1919,SUNBEAM STORAGE,Battery,storage,65.0,0.95,0.55,135000.0,true,SAN MATEO
199,1920,ZEUS BESS,Battery,storage,200.0,0.95,0.55,135000.0,true,SAN JOAQUIN
200,1921,ALLIUM HYBRID,Battery+Solar,hybrid_solar,110.0,0.6,0.4,160000.0,true,SAN BENITO
201,1922,ALTA CASA STORAGE,Battery,storage,500.0,0.95,0.55,135000.0,true,SAN JOAQUIN
202,1928,EL REY POWER BANK,Battery,storage,120.0,0.95,0.55,135000.0,true,MONTEREY
203,1930,APACHE STORAGE,Battery,storage,200.0,0.95,0.55,135000.0,true,FRESNO
204,1932,COUGAR STORAGE,Battery,storage,200.0,0.95,0.55,135000.0,true,MERCED
205,1934,LOTUS SOLAR 2,Battery+Solar,hybrid_solar,200.0,0.6,0.4,160000.0,true,MADERA
206,1935,ELYSIAN,Solar+Battery,hybrid_solar,200.0,0.6,0.4,160000.0,true,FRESNO
207,1943,WINGTIP SOLAR 1,Solar+Battery,hybrid_solar,1150.0,0.6,0.4,160000.0,true,MERCED
208,1949,DARDEN,Battery+Solar,hybrid_solar,1150.0,0.6,0.4,160000.0,true,FRESNO
209,1952,AUSTRALIS,Solar+Battery,hybrid_solar,300.0,0.6,0.4,160000.0,true,MERCED
210,1954,HUASO HYBRID,Battery+Solar,hybrid_solar,100.0,0.6,0.4,160000.0,true,FRESNO
211,1955,CIERVO MOUNTAIN HYBRID,Battery+Solar,hybrid_solar,125.0,0.6,0.4,160000.0,true,FRESNO
212,1956,CLARKSON,Battery+Solar,hybrid_solar,200.0,0.6,0.4,160000.0,true,FRESNO
213,1958,SPIKES PEAK SOLAR,Solar+Battery,hybrid_solar,150.0,0.6,0.4,160000.0,true,MERCED
214,1959,CORNUCOPIA HYBRID,Battery+Solar,hybrid_solar,300.0,0.6,0.4,160000.0,true,FRESNO
215,1962,LOCK STORAGE,Battery,storage,500.01,0.95,0.55,135000.0,true,FRESNO
216,1963,ALMANDE ENERGY STORAGE,Battery,storage,250.0,0.95,0.55,135000.0,true,MERCED
217,1966,ORLEANS,Solar+Battery,hybrid_solar,25.0,0.6,0.4,160000.0,true,FRESNO
218,1968,PLUM,Solar+Battery,hybrid_solar,1000.0,0.6,0.4,160000.0,true,KINGS
219,1973,PEACEFUL HOLLOW BESS,Battery,storage,75.0,0.95,0.55,135000.0,true,FRESNO
220,1975,TARRAGON HYBRID,Solar+Battery,hybrid_solar,35.0,0.6,0.4,160000.0,true,FRESNO
221,1977,VALETUDO ENERGY STORAGE,Battery,storage,75.0,0.95,0.55,135000.0,true,MADERA
222,1980,ARTEMIS,Solar+Battery,hybrid_solar,400.0,0.6,0.4,160000.0,true,KERN
223,1983,PHAENON,Solar+Battery,hybrid_solar,100.0,0.6,0.4,160000.0,true,KERN
224,1987,BUTTONBUSH SOLAR 2,Solar+Battery,hybrid_solar,350.0,0.6,0.4,160000.0,true,KERN
225,2001,SERENA STORAGE,Battery,storage,110.0,0.95,0.55,135000.0,true,KERN
226,2015,CHERRY LANE HYBRID,Battery+Solar,hybrid_solar,300.0,0.6,0.4,160000.0,true,KERN
227,2022,SOCORRO PEAK SOLAR,Solar+Battery,hybrid_solar,350.0,0.6,0.4,160000.0,true,LA PAZ
228,2023,JOVE SOLAR,Solar+Battery,hybrid_solar,2000.0,0.6,0.4,160000.0,true,LA PAZ
229,2027,HARQUAHALA FLATS 2,Battery+Solar,hybrid_solar,400.0,0.6,0.4,160000.0,true,MARICOPA
230,2029,HARQUAHALA SUNRISE 2,Solar+Battery,hybrid_solar,150.0,0.6,0.4,160000.0,true,MARICOPA
231,2032,TROLLEY,Battery,storage,400.0,0.95,0.55,135000.0,true,SAN BERNARDINO
232,2033,CARMINE,Battery,storage,285.0,0.95,0.55,135000.0,true,RIVERSIDE
233,2036,REDONDA,Solar+Battery,hybrid_solar,250.0,0.6,0.4,160000.0,true,RIVERSIDE
234,2039,SANDRIFT STORAGE 1,Battery,storage,250.0,0.95,0.55,135000.0,true,RIVERSIDE
235,2041,SANDRIFT STORAGE 2,Battery,storage,250.0,0.95,0.55,135000.0,true,RIVERSIDE
236,2042,EASLEY,Battery+Solar,hybrid_solar,650.0,0.6,0.4,160000.0,true,RIVERSIDE
237,2048,TWIN PALMS SOLAR,Battery+Solar,hybrid_solar,280.0,0.6,0.4,160000.0,true,RIVERSIDE
238,2052,BOUSE SOLAR AND STORAGE PLANT,Solar+Battery,hybrid_solar,1000.0,0.6,0.4,160000.0,true,LA PAZ
239,2055,EUISMOD,Solar+Battery,hybrid_solar,600.0,0.6,0.4,160000.0,true,KERN
240,2059,J90 ENERGY STORAGE,Battery,storage,250.0,0.95,0.55,135000.0,true,LOS ANGELES
241,2060,SAGEBRUSH ENERGY STORAGE,Battery,storage,500.0,0.95,0.55,135000.0,true,KERN
242,2061,JUNIPER STORAGE,Solar+Battery,hybrid_solar,150.0,0.6,0.4,160000.0,true,LOS ANGELES
243,2062,DORIAN STORAGE,Battery,storage,200.0,0.95,0.55,135000.0,true,LOS ANGELES
244,2064,ELION ENERGY STORAGE,Battery,storage,300.0,0.95,0.55,135000.0,true,LOS ANGELES
245,2066,DRIFTER ENERGY STORAGE,Battery,storage,500.0,0.95,0.55,135000.0,true,VENTURA
246,2068,BOBOR STORAGE,Battery,storage,150.0,0.95,0.55,135000.0,true,TULARE
247,2078,SOLEIL CANTIL,Solar+Battery,hybrid_solar,350.0,0.6,0.4,160000.0,true,KERN
248,2081,MINERAL KING SOLAR,Solar+Battery,hybrid_solar,200.0,0.6,0.4,160000.0,true,TULARE
249,2082,ELECTRON,Battery,storage,300.0,0.95,0.55,135000.0,true,LOS ANGELES
250,2085,SOLSKEN,Battery+Solar,hybrid_solar,460.0,0.6,0.4,160000.0,true,TULARE
251,2089,GREASEWOOD ENERGY STORAGE,Battery,storage,500.0,0.95,0.55,135000.0,true,KERN
252,2092,ROSA STORAGE,Battery,storage,500.0,0.95,0.55,135000.0,true,VENTURA
253,2097,SIENNA SOLAR 2,Solar+Battery,hybrid_solar,55.0,0.6,0.4,160000.0,true,SAN BERNARDINO
254,2101,WESTON STORAGE,Battery,storage,200.0,0.95,0.55,135000.0,true,SAN BERNARDINO
255,2103,CADY SOLAR,Solar+Battery,hybrid_solar,300.0,0.6,0.4,160000.0,true,SAN BERNARDINO
256,2105,CONDUIT ENERGY STORAGE,Battery,storage,500.0,0.95,0.55,135000.0,true,SAN BERNARDINO
257,2111,FLEETWOOD,Battery,storage,400.0,0.95,0.55,135000.0,true,LOS ANGELES
258,2113,GABRIEL STORAGE,Battery+Battery,storage,400.0,0.95,0.55,135000.0,true,LOS ANGELES
259,2114,DIRAC,Battery,storage,400.0,0.95,0.55,135000.0,true,SAN BERNARDINO
260,2115,SIMON,Battery,storage,400.0,0.95,0.55,135000.0,true,LOS ANGELES
261,2116,MARICI,Battery,storage,400.0,0.95,0.55,135000.0,true,LOS ANGELES
262,2117,CORAL REEF,Battery,storage,400.0,0.95,0.55,135000.0,true,LOS ANGELES
263,2121,GREENWOOD ENERGY STORAGE,Battery,storage,250.0,0.95,0.55,135000.0,true,LOS ANGELES
264,2124,TABLA ENERGY STORAGE,Battery,storage,300.0,0.95,0.55,135000.0,true,LOS ANGELES
265,2125,TYRELL ENERGY STORAGE,Battery,storage,300.0,0.95,0.55,135000.0,true,ORANGE
266,2129,LOS NIETOS,Battery,storage,100.0,0.95,0.55,135000.0,true,ORANGE
267,2136,HAVEN STORAGE,Battery,storage,300.0,0.95,0.55,135000.0,true,LOS ANGELES
268,2139,COMMERCE ENERGY STORAGE 3,Battery,storage,250.0,0.95,0.55,135000.0,true,L.A
269,2140,STERLING,Battery+Solar,hybrid_solar,250.0,0.6,0.4,160000.0,true,CLARK
270,2141,DELAMAR ENERGY STORAGE 2,Battery,storage,250.0,0.95,0.55,135000.0,true,CLARK
271,2142,SILVER STAR SOLAR,Battery+Solar,hybrid_solar,500.0,0.6,0.4,160000.0,true,NYE
272,2144,ROCK VALLEY ENERGY CENTER,Battery+Solar,hybrid_solar,500.0,0.6,0.4,160000.0,true,NYE
273,2145,DANDELION HYBRID SOLAR,Solar+Battery,hybrid_solar,220.0,0.6,0.4,160000.0,true,NYE
274,2146,WATER ROCK SOLAR 2,Battery+Solar,hybrid_solar,500.0,0.6,0.4,160000.0,true,NYE
275,2147,KAWICH,Solar+Battery,hybrid_solar,350.0,0.6,0.4,160000.0,true,CLARK
276,2148,MOSEY,Battery+Solar,hybrid_solar,500.0,0.6,0.4,160000.0,true,CLARK
277,2149,SUNBAKED SOLAR,Battery+Solar,hybrid_solar,500.0,0.6,0.4,160000.0,true,INYO
278,2150,LARREA SOLAR,Solar+Battery,hybrid_solar,300.0,0.6,0.4,160000.0,true,CLARK
279,2154,REMY,Battery+Solar,hybrid_solar,300.0,0.6,0.4,160000.0,true,YUMA
280,2157,GNARLY OSAGE,Battery,storage,300.0,0.95,0.55,135000.0,true,SAN DIEGO
281,2161,ALISA SOLAR ENERGY COMPLEX,Solar+Battery,hybrid_solar,200.0,0.6,0.4,160000.0,true,YUMA
282,2166,UMBRIEL,Battery+Solar,hybrid_solar,1150.0,0.6,0.4,160000.0,true,IMPERIAL
283,2173,DESERT JEWEL STORAGE,Battery,storage,200.0,0.95,0.55,135000.0,true,SAN DIEGO
284,2177,BOULDER BRUSH HYBRID,Wind Turbine+Battery,hybrid_wind,400.0,0.5,0.35,175000.0,true,SAN DIEGO
285,2178,BELL BLUFF STORAGE,Battery,storage,300.0,0.95,0.55,135000.0,true,SAN DIEGO
286,2180,CARGO STORAGE,Battery,storage,300.0,0.95,0.55,135000.0,true,SAN DIEGO
287,2185,GATEWAY ENERGY STORAGE 2,Battery,storage,250.0,0.95,0.55,135000.0,true,SAN DIEGO
