id,class,nameplate,rho,rho_hat,cost_ann,is_intermittent
1,storage,134.24224885994116,0.54,0.35,135000.0,true
2,storage,289.3189986688461,0.54,0.35,135000.0,true
3,storage,86.84608374948488,0.54,0.35,135000.0,true
4,storage,57.87809372235563,0.54,0.35,135000.0,true
5,storage,31.317707619835733,0.54,0.35,135000.0,true
6,storage,307.68879671262096,0.54,0.35,135000.0,true
7,storage,265.21489008948134,0.54,0.35,135000.0,true
8,storage,141.06412037542765,0.54,0.35,135000.0,true
9,storage,176.80989643070495,0.54,0.35,135000.0,true
10,storage,94.83767260604704,0.54,0.35,135000.0,true
11,storage,193.9915101763414,0.54,0.35,135000.0,true
12,storage,644.8187329456592,0.54,0.35,135000.0,true
13,storage,212.57876184034274,0.54,0.35,135000.0,true
14,storage,980.8076655486767,0.54,0.35,135000.0,true
15,storage,46.06698501566739,0.54,0.35,135000.0,true
16,storage,26.570237300830673,0.54,0.35,135000.0,true
17,storage,378.91541415944897,0.54,0.35,135000.0,true
18,storage,49.17418318482493,0.54,0.35,135000.0,true
19,storage,165.66389181705537,0.54,0.35,135000.0,true
20,storage,130.612640289778,0.54,0.35,135000.0,true
21,storage,34.30573757598548,0.54,0.35,135000.0,true
22,storage,288.1193145477583,0.54,0.35,135000.0,true
23,storage,41.48747927786375,0.54,0.35,135000.0,true
24,storage,36.722640895640524,0.54,0.35,135000.0,true
25,storage,769.7077244255476,0.54,0.35,135000.0,true
26,storage,102.55570126026193,0.54,0.35,135000.0,true
27,storage,195.83719607170738,0.54,0.35,135000.0,true
28,storage,55.236245700200534,0.54,0.35,135000.0,true
29,storage,226.3000677183615,0.54,0.35,135000.0,true
30,storage,192.3914213373578,0.54,0.35,135000.0,true
31,storage,158.5970522375329,0.54,0.35,135000.0,true
32,storage,44.131575220610614,0.54,0.35,135000.0,true
33,storage,287.14226536458347,0.54,0.35,135000.0,true
34,storage,107.74912932969396,0.54,0.35,135000.0,true
35,storage,134.94785218690672,0.54,0.35,135000.0,true
36,storage,70.55927344549791,0.54,0.35,135000.0,true
37,storage,337.6135568829996,0.54,0.35,135000.0,true
38,storage,85.60198221475252,0.54,0.35,135000.0,true
39,storage,403.14755448574,0.54,0.35,135000.0,true
40,storage,27.379553841555705,0.54,0.35,135000.0,true
41,storage,342.25548598792244,0.54,0.35,135000.0,true
42,storage,131.0212800602954,0.54,0.35,135000.0,true
43,storage,76.08745852604267,0.54,0.35,135000.0,true
44,storage,292.63662385196443,0.54,0.35,135000.0,true
45,storage,76.61880560843485,0.54,0.35,135000.0,true
46,storage,479.9683274286044,0.54,0.35,135000.0,true
47,storage,168.83771908237168,0.54,0.35,135000.0,true
48,storage,127.9644439782032,0.54,0.35,135000.0,true
49,storage,113.70412404200422,0.54,0.35,135000.0,true
50,storage,23.068859937624342,0.54,0.35,135000.0,true
51,storage,207.78445162936714,0.54,0.35,135000.0,true
52,storage,117.64064697577939,0.54,0.35,135000.0,true
53,storage,424.4976163964073,0.54,0.35,135000.0,true
54,storage,148.7638923714897,0.54,0.35,135000.0,true
55,storage,93.46138488971941,0.54,0.35,135000.0,true
56,storage,189.3921817785918,0.54,0.35,135000.0,true
57,storage,464.45318658037615,0.54,0.35,135000.0,true
58,storage,245.76582870381927,0.54,0.35,135000.0,true
59,storage,145.47373545470006,0.54,0.35,135000.0,true
60,storage,80.83731048951027,0.54,0.35,135000.0,true
61,storage,105.86224196880416,0.54,0.35,135000.0,true
62,storage,455.39191614142413,0.54,0.35,135000.0,true
63,storage,178.4470951411931,0.54,0.35,135000.0,true
64,storage,625.8525068376299,0.54,0.35,135000.0,true
65,storage,90.8889893602282,0.54,0.35,135000.0,true
66,storage,62.941093105042185,0.54,0.35,135000.0,true
67,storage,89.37809014264928,0.54,0.35,135000.0,true
68,storage,88.92490244469388,0.54,0.35,135000.0,true
69,storage,71.49538213186764,0.54,0.35,135000.0,true
70,storage,166.89731451251626,0.54,0.35,135000.0,true
71,storage,56.38236011160525,0.54,0.35,135000.0,true
72,storage,282.3776132750905,0.54,0.35,135000.0,true
73,storage,196.39126325621746,0.54,0.35,135000.0,true
74,storage,255.13865428475137,0.54,0.35,135000.0,true
75,storage,402.3101718225744,0.54,0.35,135000.0,true
76,storage,118.68297909777147,0.54,0.35,135000.0,true
77,storage,120.90473707357602,0.54,0.35,135000.0,true
78,storage,155.39372404367842,0.54,0.35,135000.0,true
79,storage,133.79042696539682,0.54,0.35,135000.0,true
80,storage,108.27531985690302,0.54,0.35,135000.0,true
81,storage,143.14822054482156,0.54,0.35,135000.0,true
82,storage,105.94821857331759,0.54,0.35,135000.0,true
83,storage,487.56324710035904,0.54,0.35,135000.0,true
84,storage,170.53054458756367,0.54,0.35,135000.0,true
85,storage,102.75834722758454,0.54,0.35,135000.0,true
86,storage,198.90589804917508,0.54,0.35,135000.0,true
87,storage,108.42176953337727,0.54,0.35,135000.0,true
88,storage,123.07705833217796,0.54,0.35,135000.0,true
89,storage,468.63327968209404,0.54,0.35,135000.0,true
90,storage,119.1479728315676,0.54,0.35,135000.0,true
91,storage,289.6189677662678,0.54,0.35,135000.0,true
92,storage,83.53640944216153,0.54,0.35,135000.0,true
93,storage,150.6288512577924,0.54,0.35,135000.0,true
94,storage,123.88363257347557,0.54,0.35,135000.0,true
95,storage,211.08952929202684,0.54,0.35,135000.0,true
96,storage,56.419872565235984,0.54,0.35,135000.0,true
97,storage,117.72984784649577,0.54,0.35,135000.0,true
98,storage,196.29684811328514,0.54,0.35,135000.0,true
99,storage,297.04470451897333,0.54,0.35,135000.0,true
100,storage,358.641997234862,0.54,0.35,135000.0,true
101,storage,671.7258361069272,0.54,0.35,135000.0,true
102,storage,59.80007558331302,0.54,0.35,135000.0,true
103,storage,204.42455985924133,0.54,0.35,135000.0,true
104,storage,165.2339589926901,0.54,0.35,135000.0,true
105,storage,508.41842257414106,0.54,0.35,135000.0,true
106,storage,203.38489011751466,0.54,0.35,135000.0,true
107,storage,67.05019560325714,0.54,0.35,135000.0,true
108,storage,103.54208586663522,0.54,0.35,135000.0,true
109,storage,79.98403916773105,0.54,0.35,135000.0,true
110,storage,197.34159040244913,0.54,0.35,135000.0,true
111,storage,117.90923454192772,0.54,0.35,135000.0,true
112,storage,155.9665241856199,0.54,0.35,135000.0,true
113,storage,156.09385156649395,0.54,0.35,135000.0,true
114,storage,132.41962493261627,0.54,0.35,135000.0,true
115,storage,50.92115096378554,0.54,0.35,135000.0,true
116,storage,214.7584156030618,0.54,0.35,135000.0,true
117,storage,84.07974883590522,0.54,0.35,135000.0,true
118,storage,271.3996304423704,0.54,0.35,135000.0,true
119,storage,382.8608209908054,0.54,0.35,135000.0,true
120,storage,34.76397247780476,0.54,0.35,135000.0,true
121,storage,70.68221007186261,0.54,0.35,135000.0,true
122,storage,60.85595901048893,0.54,0.35,135000.0,true
123,storage,102.84648583882208,0.54,0.35,135000.0,true
124,storage,167.8697446608361,0.54,0.35,135000.0,true
125,storage,117.14646362777569,0.54,0.35,135000.0,true
126,storage,129.73022409421935,0.54,0.35,135000.0,true
127,storage,146.70854964313955,0.54,0.35,135000.0,true
128,storage,91.81967168037434,0.54,0.35,135000.0,true
129,storage,264.3733677634272,0.54,0.35,135000.0,true
130,storage,35.298431823456205,0.54,0.35,135000.0,true
131,storage,114.71990823882822,0.54,0.35,135000.0,true
132,storage,104.40271833908004,0.54,0.35,135000.0,true
133,storage,493.44674132367857,0.54,0.35,135000.0,true
134,storage,113.00717218080729,0.54,0.35,135000.0,true
135,storage,53.43255751921251,0.54,0.35,135000.0,true
136,storage,337.6182871322973,0.54,0.35,135000.0,true
137,storage,122.25924026662328,0.54,0.35,135000.0,true
138,storage,189.66647179719862,0.54,0.35,135000.0,true
139,storage,346.544263317112,0.54,0.35,135000.0,true
140,storage,190.48292531491748,0.54,0.35,135000.0,true
141,storage,74.32963538890274,0.54,0.35,135000.0,true
142,storage,61.45121690395924,0.54,0.35,135000.0,true
143,storage,142.8036568816901,0.54,0.35,135000.0,true
144,storage,309.69609611618,0.54,0.35,135000.0,true
145,storage,66.6135274580219,0.54,0.35,135000.0,true
146,storage,46.454419183116,0.54,0.35,135000.0,true
147,storage,166.59196576343788,0.54,0.35,135000.0,true
148,storage,236.88583507564738,0.54,0.35,135000.0,true
149,storage,44.08877952161236,0.54,0.35,135000.0,true
150,storage,461.2395773745809,0.54,0.35,135000.0,true
151,storage,111.6032930866565,0.54,0.35,135000.0,true
152,storage,198.5519297122632,0.54,0.35,135000.0,true
153,storage,152.34678484580544,0.54,0.35,135000.0,true
154,storage,441.44799954325475,0.54,0.35,135000.0,true
155,storage,179.85606064354064,0.54,0.35,135000.0,true
156,storage,123.97561146397196,0.54,0.35,135000.0,true
157,storage,85.90291203238354,0.54,0.35,135000.0,true
158,storage,393.0866367718408,0.54,0.35,135000.0,true
159,storage,296.6621017381568,0.54,0.35,135000.0,true
160,storage,293.15363657616126,0.54,0.35,135000.0,true
161,storage,656.5150458819195,0.54,0.35,135000.0,true
162,storage,160.88757312043353,0.54,0.35,135000.0,true
163,storage,519.4082194171509,0.54,0.35,135000.0,true
164,storage,330.63023293901125,0.54,0.35,135000.0,true
165,storage,149.51418426284755,0.54,0.35,135000.0,true
166,storage,71.00452161287527,0.54,0.35,135000.0,true
167,storage,82.31220422117183,0.54,0.35,135000.0,true
168,storage,156.33143742585267,0.54,0.35,135000.0,true
169,storage,178.47477915715717,0.54,0.35,135000.0,true
170,storage,92.83734085699223,0.54,0.35,135000.0,true
171,storage,174.569992915169,0.54,0.35,135000.0,true
172,storage,172.5798987489271,0.54,0.35,135000.0,true
173,storage,138.69481922757217,0.54,0.35,135000.0,true
174,storage,89.6791658346186,0.54,0.35,135000.0,true
175,storage,115.2622293452535,0.54,0.35,135000.0,true
176,storage,234.9219725365437,0.54,0.35,135000.0,true
177,storage,256.70663175664987,0.54,0.35,135000.0,true
178,storage,51.223103157269996,0.54,0.35,135000.0,true
179,storage,348.5064976237174,0.54,0.35,135000.0,true
180,storage,193.17653899124025,0.54,0.35,135000.0,true
181,storage,98.7062571375003,0.54,0.35,135000.0,true
182,storage,109.59463006770628,0.54,0.35,135000.0,true
183,storage,54.605856197104075,0.54,0.35,135000.0,true
184,storage,150.73799483284188,0.54,0.35,135000.0,true
185,storage,233.97390853380833,0.54,0.35,135000.0,true
186,storage,598.2368041693215,0.54,0.35,135000.0,true
187,storage,145.99050268292757,0.54,0.35,135000.0,true
188,storage,243.57993159787665,0.54,0.35,135000.0,true
189,storage,244.15049159832287,0.54,0.35,135000.0,true
190,storage,149.86912652266588,0.54,0.35,135000.0,true
191,storage,150.2485790552177,0.54,0.35,135000.0,true
192,storage,90.05056466083052,0.54,0.35,135000.0,true
193,storage,328.8616233586213,0.54,0.35,135000.0,true
194,storage,67.31427314036267,0.54,0.35,135000.0,true
195,storage,118.56715669484754,0.54,0.35,135000.0,true
196,storage,69.88575234639389,0.54,0.35,135000.0,true
197,storage,131.2384200993579,0.54,0.35,135000.0,true
198,storage,43.261789212781885,0.54,0.35,135000.0,true
199,storage,97.27749761728442,0.54,0.35,135000.0,true
200,storage,122.18785615316118,0.54,0.35,135000.0,true
201,storage,114.58588198174651,0.54,0.35,135000.0,true
202,storage,159.1124118434316,0.54,0.35,135000.0,true
203,storage,710.011515677206,0.54,0.35,135000.0,true
204,storage,247.07564519722288,0.54,0.35,135000.0,true
205,storage,73.96552980926289,0.54,0.35,135000.0,true
206,storage,89.40891859724054,0.54,0.35,135000.0,true
207,storage,118.73005369990996,0.54,0.35,135000.0,true
208,storage,292.96612934572704,0.54,0.35,135000.0,true
209,storage,370.6891285709676,0.54,0.35,135000.0,true
210,storage,86.90827697470871,0.54,0.35,135000.0,true
211,storage,265.8377968682924,0.54,0.35,135000.0,true
212,storage,183.98996640135596,0.54,0.35,135000.0,true
213,storage,247.27011610563542,0.54,0.35,135000.0,true
214,storage,92.57814409303545,0.54,0.35,135000.0,true
215,storage,186.89698140859926,0.54,0.35,135000.0,true
216,storage,138.74892076080621,0.54,0.35,135000.0,true
217,storage,148.60268167666408,0.54,0.35,135000.0,true
218,storage,62.595978139560856,0.54,0.35,135000.0,true
219,storage,921.3088603139119,0.54,0.35,135000.0,true
220,storage,218.14153108891387,0.54,0.35,135000.0,true
221,storage,96.87803017841847,0.54,0.35,135000.0,true
222,storage,206.2948451220647,0.54,0.35,135000.0,true
223,storage,86.94079599178353,0.54,0.35,135000.0,true
224,storage,53.26176782043603,0.54,0.35,135000.0,true
225,storage,121.63129668905556,0.54,0.35,135000.0,true
226,storage,187.28560674339354,0.54,0.35,135000.0,true
227,storage,228.9144984466571,0.54,0.35,135000.0,true
228,storage,156.11212970087627,0.54,0.35,135000.0,true
229,storage,118.57663575216371,0.54,0.35,135000.0,true
230,storage,101.30035050083038,0.54,0.35,135000.0,true
231,storage,71.8281314262428,0.54,0.35,135000.0,true
232,storage,745.9434710551275,0.54,0.35,135000.0,true
233,storage,159.58273596699954,0.54,0.35,135000.0,true
234,storage,189.4042832556183,0.54,0.35,135000.0,true
235,storage,154.63058738260273,0.54,0.35,135000.0,true
236,storage,110.00462600722936,0.54,0.35,135000.0,true
237,storage,213.5122673017697,0.54,0.35,135000.0,true
238,storage,220.16602120926984,0.54,0.35,135000.0,true
239,storage,144.07194605338634,0.54,0.35,135000.0,true
240,storage,128.39266670768876,0.54,0.35,135000.0,true
241,storage,309.38930121241754,0.54,0.35,135000.0,true
242,storage,243.78838539570293,0.54,0.35,135000.0,true
243,storage,312.4691017580541,0.54,0.35,135000.0,true
244,storage,88.19722895400362,0.54,0.35,135000.0,true
245,storage,120.85566048007004,0.54,0.35,135000.0,true
246,storage,128.76233042455834,0.54,0.35,135000.0,true
247,storage,170.34168562556317,0.54,0.35,135000.0,true
248,storage,226.59059449678398,0.54,0.35,135000.0,true
249,storage,71.95773585879932,0.54,0.35,135000.0,true
250,storage,23.206034201791645,0.54,0.35,135000.0,true
251,storage,183.1309369824915,0.54,0.35,135000.0,true
252,storage,526.6470941303244,0.54,0.35,135000.0,true
253,storage,385.98461523691236,0.54,0.35,135000.0,true
254,storage,77.96146419766185,0.54,0.35,135000.0,true
255,storage,142.83927848695365,0.54,0.35,135000.0,true
256,storage,434.63888318310865,0.54,0.35,135000.0,true
257,storage,205.15823641744936,0.54,0.35,135000.0,true
258,storage,50.060960427196335,0.54,0.35,135000.0,true
259,storage,261.5776124139781,0.54,0.35,135000.0,true
260,storage,731.3969223684263,0.54,0.35,135000.0,true
261,storage,607.6705718567015,0.54,0.35,135000.0,true
262,storage,63.479350900283805,0.54,0.35,135000.0,true
263,storage,228.79418907703698,0.54,0.35,135000.0,true
264,storage,48.58016451481632,0.54,0.35,135000.0,true
265,storage,48.914042415775384,0.54,0.35,135000.0,true
266,storage,72.95534425137605,0.54,0.35,135000.0,true
267,storage,355.5161259249558,0.54,0.35,135000.0,true
268,storage,155.9276601756879,0.54,0.35,135000.0,true
269,storage,105.90214659192776,0.54,0.35,135000.0,true
270,storage,32.43674751492238,0.54,0.35,135000.0,true
271,storage,43.52803882500164,0.54,0.35,135000.0,true
272,storage,152.16120584738815,0.54,0.35,135000.0,true
273,storage,138.85674259444704,0.54,0.35,135000.0,true
274,storage,49.556316624970435,0.54,0.35,135000.0,true
275,storage,143.93010582156415,0.54,0.35,135000.0,true
276,storage,242.2684039833682,0.54,0.35,135000.0,true
277,storage,370.44390824399017,0.54,0.35,135000.0,true
278,storage,312.883244442921,0.54,0.35,135000.0,true
279,storage,40.19690255894179,0.54,0.35,135000.0,true
280,storage,84.18407400700056,0.54,0.35,135000.0,true
281,storage,118.03391831116514,0.54,0.35,135000.0,true
282,storage,426.2546241002822,0.54,0.35,135000.0,true
283,storage,160.09007150978857,0.54,0.35,135000.0,true
284,storage,43.70411534596759,0.54,0.35,135000.0,true
285,storage,109.67707410485976,0.54,0.35,135000.0,true
286,storage,62.687829129498695,0.54,0.35,135000.0,true
287,storage,58.24998157456548,0.54,0.35,135000.0,true
288,storage,272.52291434695513,0.54,0.35,135000.0,true
289,storage,283.1280037497177,0.54,0.35,135000.0,true
290,storage,146.86479196815023,0.54,0.35,135000.0,true
291,storage,193.701923169536,0.54,0.35,135000.0,true
292,storage,103.9251930707203,0.54,0.35,135000.0,true
293,storage,147.77270849319353,0.54,0.35,135000.0,true
294,storage,215.43333826076778,0.54,0.35,135000.0,true
295,storage,243.40992031235638,0.54,0.35,135000.0,true
296,storage,398.39206088108335,0.54,0.35,135000.0,true
297,storage,243.7697202553989,0.54,0.35,135000.0,true
298,storage,356.13884201908473,0.54,0.35,135000.0,true
299,storage,153.7756167855293,0.54,0.35,135000.0,true
300,storage,66.24677842095578,0.54,0.35,135000.0,true
301,storage,203.63777216911436,0.54,0.35,135000.0,true
302,storage,418.73082995440586,0.54,0.35,135000.0,true
303,storage,32.061561451879484,0.54,0.35,135000.0,true
304,storage,82.99151845515836,0.54,0.35,135000.0,true
305,storage,366.0893073833068,0.54,0.35,135000.0,true
306,storage,128.45771515093864,0.54,0.35,135000.0,true
307,storage,403.6892777156426,0.54,0.35,135000.0,true
308,storage,64.00933730085477,0.54,0.35,135000.0,true
309,storage,251.60639670313847,0.54,0.35,135000.0,true
310,storage,158.67740366778486,0.54,0.35,135000.0,true
311,storage,138.11735219763912,0.54,0.35,135000.0,true
312,storage,160.71212337945929,0.54,0.35,135000.0,true
313,storage,246.20873967788592,0.54,0.35,135000.0,true
314,storage,155.45888423455406,0.54,0.35,135000.0,true
315,storage,275.6093314935963,0.54,0.35,135000.0,true
316,storage,298.59059549977036,0.54,0.35,135000.0,true
317,storage,262.9015474344949,0.54,0.35,135000.0,true
318,storage,183.89925471861073,0.54,0.35,135000.0,true
319,storage,254.98271084140717,0.54,0.35,135000.0,true
320,storage,77.50362533864822,0.54,0.35,135000.0,true
321,storage,629.160267052139,0.54,0.35,135000.0,true
322,storage,212.46110522182113,0.54,0.35,135000.0,true
323,storage,97.85468164125636,0.54,0.35,135000.0,true
324,storage,244.50330027342028,0.54,0.35,135000.0,true
325,storage,283.1351180416931,0.54,0.35,135000.0,true
326,storage,167.34584510916147,0.54,0.35,135000.0,true
327,storage,110.27079319613925,0.54,0.35,135000.0,true
328,storage,102.9586379474567,0.54,0.35,135000.0,true
329,storage,142.62949272201888,0.54,0.35,135000.0,true
330,storage,67.18932423779088,0.54,0.35,135000.0,true
331,storage,86.4321372706933,0.54,0.35,135000.0,true
332,storage,154.1939605661985,0.54,0.35,135000.0,true
333,storage,96.76274709094525,0.54,0.35,135000.0,true
334,storage,45.469272662308505,0.54,0.35,135000.0,true
335,storage,63.73040351209078,0.54,0.35,135000.0,true
336,storage,96.02278557250538,0.54,0.35,135000.0,true
337,storage,26.77167502423922,0.54,0.35,135000.0,true
338,storage,247.65030285822078,0.54,0.35,135000.0,true
339,storage,128.00361133181374,0.54,0.35,135000.0,true
340,storage,62.366355323636235,0.54,0.35,135000.0,true
341,storage,574.5876641157068,0.54,0.35,135000.0,true
342,storage,288.2507683705761,0.54,0.35,135000.0,true
343,storage,188.0759738012551,0.54,0.35,135000.0,true
344,storage,130.43144382356206,0.54,0.35,135000.0,true
345,storage,124.7009115305659,0.54,0.35,135000.0,true
346,storage,506.1290433321768,0.54,0.35,135000.0,true
347,storage,54.81293473419632,0.54,0.35,135000.0,true
348,storage,79.75170731387699,0.54,0.35,135000.0,true
349,storage,202.09219464921136,0.54,0.35,135000.0,true
350,gas,376.00040283743067,0.77,0.0,120000.0,false
351,gas,904.2306796941498,0.77,0.0,120000.0,false
352,gas,2138.0191051267984,0.77,0.0,120000.0,false
353,gas,333.47879461537286,0.77,0.0,120000.0,false
354,gas,289.30416604467996,0.77,0.0,120000.0,false
355,gas,1851.824332168463,0.77,0.0,120000.0,false
356,gas,496.782720080189,0.77,0.0,120000.0,false
357,gas,237.07151477736278,0.77,0.0,120000.0,false
358,gas,148.18634868078124,0.77,0.0,120000.0,false
359,gas,306.982874728847,0.77,0.0,120000.0,false
360,gas,349.95131600948287,0.77,0.0,120000.0,false
361,gas,439.32243944988073,0.77,0.0,120000.0,false
362,gas,478.01395584893106,0.77,0.0,120000.0,false
363,gas,578.0839466202277,0.77,0.0,120000.0,false
364,gas,154.13978359054505,0.77,0.0,120000.0,false
365,gas,253.5690974904668,0.77,0.0,120000.0,false
366,gas,987.8724960760945,0.77,0.0,120000.0,false
367,gas,937.718765948769,0.77,0.0,120000.0,false
368,gas,961.5991278807638,0.77,0.0,120000.0,false
369,gas,806.3821208733136,0.77,0.0,120000.0,false
370,gas,2202.9445707523196,0.77,0.0,120000.0,false
371,gas,443.14371144320154,0.77,0.0,120000.0,false
372,gas,339.91336284873057,0.77,0.0,120000.0,false
373,gas,285.76823449904634,0.77,0.0,120000.0,false
374,gas,817.2942520664662,0.77,0.0,120000.0,false
375,gas,618.2452252451068,0.77,0.0,120000.0,false
376,gas,167.64072966524978,0.77,0.0,120000.0,false
377,gas,791.4958696287459,0.77,0.0,120000.0,false
378,gas,611.0119193556469,0.77,0.0,120000.0,false
379,gas,435.39450679398027,0.77,0.0,120000.0,false
380,gas,1363.4994916463963,0.77,0.0,120000.0,false
381,gas,605.006053612924,0.77,0.0,120000.0,false
382,gas,358.3161657412532,0.77,0.0,120000.0,false
383,gas,202.6804461080874,0.77,0.0,120000.0,false
384,gas,1885.194284108695,0.77,0.0,120000.0,false
385,gas,439.2603434633308,0.77,0.0,120000.0,false
386,gas,576.253045955918,0.77,0.0,120000.0,false
387,gas,1457.6479520630044,0.77,0.0,120000.0,false
388,gas,620.1962241661784,0.77,0.0,120000.0,false
389,gas,553.0899897712936,0.77,0.0,120000.0,false
390,gas,548.0150840963776,0.77,0.0,120000.0,false
391,gas,406.2901104574389,0.77,0.0,120000.0,false
392,gas,493.06705361463986,0.77,0.0,120000.0,false
393,gas,602.4360094347089,0.77,0.0,120000.0,false
394,gas,800.7858919144504,0.77,0.0,120000.0,false
395,gas,397.5295166447135,0.77,0.0,120000.0,false
396,gas,1119.062644552564,0.77,0.0,120000.0,false
397,gas,348.4012717955463,0.77,0.0,120000.0,false
398,gas,554.7978832816644,0.77,0.0,120000.0,false
399,gas,568.4261708450795,0.77,0.0,120000.0,false
400,gas,367.8662056321544,0.77,0.0,120000.0,false
401,gas,276.3228509639237,0.77,0.0,120000.0,false
402,gas,3055.9161404778574,0.77,0.0,120000.0,false
403,gas,422.0922642851629,0.77,0.0,120000.0,false
404,gas,606.5486959005688,0.77,0.0,120000.0,false
405,gas,237.3802733629121,0.77,0.0,120000.0,false
406,gas,194.20729400227754,0.77,0.0,120000.0,false
407,gas,751.9651197872035,0.77,0.0,120000.0,false
408,gas,186.7902659712417,0.77,0.0,120000.0,false
409,gas,1388.8146830729543,0.77,0.0,120000.0,false
410,gas,659.813539541495,0.77,0.0,120000.0,false
411,gas,162.37914973361535,0.77,0.0,120000.0,false
412,gas,534.2326389848563,0.77,0.0,120000.0,false
413,gas,947.8474442400466,0.77,0.0,120000.0,false
414,gas,1496.3412986765438,0.77,0.0,120000.0,false
415,gas,1346.8419501177618,0.77,0.0,120000.0,false
416,gas,497.03612054919415,0.77,0.0,120000.0,false
417,gas,511.4235230583421,0.77,0.0,120000.0,false
418,gas,942.128128575064,0.77,0.0,120000.0,false
419,gas,102.64710365696385,0.77,0.0,120000.0,false
420,gas,496.11943238548827,0.77,0.0,120000.0,false
421,gas,472.3969378243531,0.77,0.0,120000.0,false
422,gas,192.8108985786791,0.77,0.0,120000.0,false
423,gas,1208.7433262750594,0.77,0.0,120000.0,false
424,gas,613.8203768026801,0.77,0.0,120000.0,false
425,gas,1809.6147645843448,0.77,0.0,120000.0,false
426,gas,930.0612456526128,0.77,0.0,120000.0,false
427,gas,535.3824993492108,0.77,0.0,120000.0,false
428,gas,403.61636848242085,0.77,0.0,120000.0,false
429,gas,509.501879525715,0.77,0.0,120000.0,false
430,gas,496.2847308085027,0.77,0.0,120000.0,false
431,gas,1191.2944636751704,0.77,0.0,120000.0,false
432,gas,274.76012259365694,0.77,0.0,120000.0,false
433,gas,979.0289243384491,0.77,0.0,120000.0,false
434,gas,206.2739651976664,0.77,0.0,120000.0,false
435,gas,1022.6226293803574,0.77,0.0,120000.0,false
436,gas,273.864520466656,0.77,0.0,120000.0,false
437,gas,410.53510559955225,0.77,0.0,120000.0,false
438,gas,355.77863613784984,0.77,0.0,120000.0,false
439,gas,548.3364494927736,0.77,0.0,120000.0,false
440,gas,3283.391041132496,0.77,0.0,120000.0,false
441,gas,313.89176217422016,0.77,0.0,120000.0,false
442,gas,804.050384553416,0.77,0.0,120000.0,false
443,gas,1511.1155932609643,0.77,0.0,120000.0,false
444,gas,247.84942688386624,0.77,0.0,120000.0,false
445,gas,617.5582073295448,0.77,0.0,120000.0,false
446,gas,371.6138142376894,0.77,0.0,120000.0,false
447,gas,812.9735644355372,0.77,0.0,120000.0,false
448,gas,345.67100959465273,0.77,0.0,120000.0,false
449,gas,298.1817604390458,0.77,0.0,120000.0,false
450,gas,752.9647312361326,0.77,0.0,120000.0,false
451,gas,718.6463055248383,0.77,0.0,120000.0,false
452,gas,582.4243387132051,0.77,0.0,120000.0,false
453,gas,353.83571249042484,0.77,0.0,120000.0,false
454,gas,1563.823980135161,0.77,0.0,120000.0,false
455,gas,101.82974168305049,0.77,0.0,120000.0,false
456,gas,979.4133954178815,0.77,0.0,120000.0,false
457,gas,920.6681147398332,0.77,0.0,120000.0,false
458,gas,141.79788389170196,0.77,0.0,120000.0,false
459,gas,1459.9797962758628,0.77,0.0,120000.0,false
460,gas,892.5844164447774,0.77,0.0,120000.0,false
461,gas,556.9766595310974,0.77,0.0,120000.0,false
462,gas,324.13403099042534,0.77,0.0,120000.0,false
463,gas,236.1292948845863,0.77,0.0,120000.0,false
464,gas,565.2781244060462,0.77,0.0,120000.0,false
465,gas,824.0003875148107,0.77,0.0,120000.0,false
466,gas,472.7418989152208,0.77,0.0,120000.0,false
467,gas,150.83370146196307,0.77,0.0,120000.0,false
468,gas,560.1029350518579,0.77,0.0,120000.0,false
469,gas,786.3616953217212,0.77,0.0,120000.0,false
470,gas,425.53662795034944,0.77,0.0,120000.0,false
471,gas,498.0547795722095,0.77,0.0,120000.0,false
472,gas,125.69196340168598,0.77,0.0,120000.0,false
473,gas,690.6267593721658,0.77,0.0,120000.0,false
474,gas,360.7402618556695,0.77,0.0,120000.0,false
475,gas,644.2743048194244,0.77,0.0,120000.0,false
476,gas,1182.2668224164286,0.77,0.0,120000.0,false
477,gas,609.0249830538037,0.77,0.0,120000.0,false
478,gas,1754.6192065700957,0.77,0.0,120000.0,false
479,gas,374.56956496782846,0.77,0.0,120000.0,false
480,gas,561.490124820487,0.77,0.0,120000.0,false
481,gas,1246.9908334043512,0.77,0.0,120000.0,false
482,gas,1496.8116039157485,0.77,0.0,120000.0,false
483,gas,368.4678027983699,0.77,0.0,120000.0,false
484,gas,1073.9781364075036,0.77,0.0,120000.0,false
485,gas,947.7664950071046,0.77,0.0,120000.0,false
486,gas,701.8270628954839,0.77,0.0,120000.0,false
487,gas,606.2484065996031,0.77,0.0,120000.0,false
488,gas,537.363329834862,0.77,0.0,120000.0,false
489,gas,434.3658561041975,0.77,0.0,120000.0,false
490,gas,342.30483765208356,0.77,0.0,120000.0,false
491,gas,418.58457691600955,0.77,0.0,120000.0,false
492,gas,388.6782804470741,0.77,0.0,120000.0,false
493,gas,364.55748282583517,0.77,0.0,120000.0,false
494,gas,438.27955935393226,0.77,0.0,120000.0,false
495,gas,509.7688447636542,0.77,0.0,120000.0,false
496,gas,443.00743855984916,0.77,0.0,120000.0,false
497,gas,834.358945846231,0.77,0.0,120000.0,false
498,gas,253.68904768180943,0.77,0.0,120000.0,false
499,gas,285.695164808382,0.77,0.0,120000.0,false
500,gas,1630.850726180989,0.77,0.0,120000.0,false
501,gas,380.3402448027216,0.77,0.0,120000.0,false
502,gas,356.26182771141896,0.77,0.0,120000.0,false
503,gas,444.7370876920996,0.77,0.0,120000.0,false
504,gas,629.4224399013582,0.77,0.0,120000.0,false
505,gas,349.7630739896538,0.77,0.0,120000.0,false
506,gas,274.37781457083105,0.77,0.0,120000.0,false
507,solar,94.34953018327667,0.13,0.1,115000.0,true
508,solar,28.8381984049885,0.13,0.1,115000.0,true
509,solar,273.56944514983445,0.13,0.1,115000.0,true
510,solar,57.062779109168666,0.13,0.1,115000.0,true
511,solar,47.66202054215818,0.13,0.1,115000.0,true
512,solar,12.28861085881987,0.13,0.1,115000.0,true
513,solar,209.64358268788365,0.13,0.1,115000.0,true
514,solar,54.471136868612334,0.13,0.1,115000.0,true
515,solar,42.92843013820612,0.13,0.1,115000.0,true
516,solar,200.39453742402898,0.13,0.1,115000.0,true
517,solar,47.22917153947802,0.13,0.1,115000.0,true
518,solar,27.124656485348673,0.13,0.1,115000.0,true
519,solar,86.74787157613093,0.13,0.1,115000.0,true
520,solar,28.720345355444028,0.13,0.1,115000.0,true
521,solar,206.08915281651684,0.13,0.1,115000.0,true
522,solar,95.62523546033495,0.13,0.1,115000.0,true
523,solar,81.7065066419235,0.13,0.1,115000.0,true
524,solar,32.42518988080066,0.13,0.1,115000.0,true
525,solar,82.88182560694833,0.13,0.1,115000.0,true
526,solar,74.86301861221021,0.13,0.1,115000.0,true
527,solar,27.13904914040348,0.13,0.1,115000.0,true
528,solar,65.75725451345491,0.13,0.1,115000.0,true
529,solar,281.0306980085063,0.13,0.1,115000.0,true
530,solar,63.749644120059386,0.13,0.1,115000.0,true
531,solar,100.26027580426623,0.13,0.1,115000.0,true
532,solar,107.30782292144691,0.13,0.1,115000.0,true
533,solar,227.3997427454698,0.13,0.1,115000.0,true
534,solar,231.33032054787125,0.13,0.1,115000.0,true
535,solar,83.23828229225568,0.13,0.1,115000.0,true
536,solar,59.69806346430217,0.13,0.1,115000.0,true
537,solar,31.675292461402027,0.13,0.1,115000.0,true
538,solar,235.6686464315403,0.13,0.1,115000.0,true
539,solar,77.9620482274621,0.13,0.1,115000.0,true
540,solar,61.73639449520937,0.13,0.1,115000.0,true
541,solar,74.67973111849405,0.13,0.1,115000.0,true
542,solar,601.2693005290863,0.13,0.1,115000.0,true
543,solar,109.14062025476944,0.13,0.1,115000.0,true
544,solar,163.52655975507923,0.13,0.1,115000.0,true
545,solar,83.42903312363538,0.13,0.1,115000.0,true
546,solar,40.02848457244097,0.13,0.1,115000.0,true
547,solar,68.25156798803084,0.13,0.1,115000.0,true
548,solar,57.66853044793082,0.13,0.1,115000.0,true
549,solar,57.49645788753753,0.13,0.1,115000.0,true
550,solar,58.17964853286386,0.13,0.1,115000.0,true
551,solar,57.88902777468029,0.13,0.1,115000.0,true
552,solar,16.68030652275161,0.13,0.1,115000.0,true
553,solar,66.77181421281838,0.13,0.1,115000.0,true
554,solar,53.37544307820409,0.13,0.1,115000.0,true
555,solar,84.35630174712453,0.13,0.1,115000.0,true
556,solar,84.12444175233412,0.13,0.1,115000.0,true
557,solar,236.0641022478999,0.13,0.1,115000.0,true
558,solar,57.317836642324195,0.13,0.1,115000.0,true
559,solar,65.4957249126693,0.13,0.1,115000.0,true
560,solar,152.0229124452046,0.13,0.1,115000.0,true
561,solar,151.74190602129127,0.13,0.1,115000.0,true
562,solar,25.653119428975582,0.13,0.1,115000.0,true
563,solar,120.71268977249419,0.13,0.1,115000.0,true
564,solar,61.03358456546404,0.13,0.1,115000.0,true
565,solar,101.618177117764,0.13,0.1,115000.0,true
566,solar,70.93173677949848,0.13,0.1,115000.0,true
567,solar,50.65913047573217,0.13,0.1,115000.0,true
568,solar,90.59890831590545,0.13,0.1,115000.0,true
569,solar,208.45076243223016,0.13,0.1,115000.0,true
570,solar,114.13043110569805,0.13,0.1,115000.0,true
571,solar,208.09202977193647,0.13,0.1,115000.0,true
572,solar,130.05044483224472,0.13,0.1,115000.0,true
573,solar,51.57713473526566,0.13,0.1,115000.0,true
574,solar,168.42682376814113,0.13,0.1,115000.0,true
575,solar,26.419182416461613,0.13,0.1,115000.0,true
576,solar,79.30075648088585,0.13,0.1,115000.0,true
577,solar,68.62056302149261,0.13,0.1,115000.0,true
578,solar,36.90808781133594,0.13,0.1,115000.0,true
579,solar,68.21518577183336,0.13,0.1,115000.0,true
580,solar,130.6630961972353,0.13,0.1,115000.0,true
581,solar,86.47112364570981,0.13,0.1,115000.0,true
582,solar,117.72093429666397,0.13,0.1,115000.0,true
583,solar,69.10392800789816,0.13,0.1,115000.0,true
584,solar,39.40276221861785,0.13,0.1,115000.0,true
585,solar,14.493952764431938,0.13,0.1,115000.0,true
586,solar,25.668153415804188,0.13,0.1,115000.0,true
587,solar,63.662823613561365,0.13,0.1,115000.0,true
588,solar,54.32936558199097,0.13,0.1,115000.0,true
589,solar,74.78659546469905,0.13,0.1,115000.0,true
590,solar,103.00457976788118,0.13,0.1,115000.0,true
591,solar,191.05696404653204,0.13,0.1,115000.0,true
592,solar,134.86026566629118,0.13,0.1,115000.0,true
593,solar,97.84669275763672,0.13,0.1,115000.0,true
594,solar,127.15429838178804,0.13,0.1,115000.0,true
595,solar,33.84107124642888,0.13,0.1,115000.0,true
596,solar,161.72276335046695,0.13,0.1,115000.0,true
597,solar,254.77918282461093,0.13,0.1,115000.0,true
598,solar,159.86751736777325,0.13,0.1,115000.0,true
599,solar,33.16697672416988,0.13,0.1,115000.0,true
600,solar,378.0998419121925,0.13,0.1,115000.0,true
601,solar,219.21085645833224,0.13,0.1,115000.0,true
602,solar,78.60622012175965,0.13,0.1,115000.0,true
603,solar,18.683124141864514,0.13,0.1,115000.0,true
604,solar,158.59298638319765,0.13,0.1,115000.0,true
605,solar,86.66497260937648,0.13,0.1,115000.0,true
606,solar,128.14359970656167,0.13,0.1,115000.0,true
607,solar,64.77670955874738,0.13,0.1,115000.0,true
608,solar,243.41484955913393,0.13,0.1,115000.0,true
609,solar,81.66269520180599,0.13,0.1,115000.0,true
610,solar,65.04032876740783,0.13,0.1,115000.0,true
611,solar,121.73485418319346,0.13,0.1,115000.0,true
612,solar,85.5492199719553,0.13,0.1,115000.0,true
613,solar,57.64606682503484,0.13,0.1,115000.0,true
614,solar,129.1655741625682,0.13,0.1,115000.0,true
615,solar,67.36322948910939,0.13,0.1,115000.0,true
616,solar,121.62845096394591,0.13,0.1,115000.0,true
617,solar,100.30383566325658,0.13,0.1,115000.0,true
618,solar,109.73119181812346,0.13,0.1,115000.0,true
619,solar,46.29150398494725,0.13,0.1,115000.0,true
620,solar,41.61618729833562,0.13,0.1,115000.0,true
621,solar,50.38068189002216,0.13,0.1,115000.0,true
622,solar,98.37964301059287,0.13,0.1,115000.0,true
623,solar,105.28032350348913,0.13,0.1,115000.0,true
624,solar,30.49900671469262,0.13,0.1,115000.0,true
625,solar,207.9102691361921,0.13,0.1,115000.0,true
626,solar,65.37930061206816,0.13,0.1,115000.0,true
627,solar,81.45732543913319,0.13,0.1,115000.0,true
628,solar,102.74352370713451,0.13,0.1,115000.0,true
629,solar,37.144506058393304,0.13,0.1,115000.0,true
630,solar,48.74555601651578,0.13,0.1,115000.0,true
631,solar,120.86756598086366,0.13,0.1,115000.0,true
632,solar,172.19888969608775,0.13,0.1,115000.0,true
633,solar,83.99491519047885,0.13,0.1,115000.0,true
634,solar,197.36358630586324,0.13,0.1,115000.0,true
635,solar,107.76809205813,0.13,0.1,115000.0,true
636,solar,137.8490355427106,0.13,0.1,115000.0,true
637,solar,136.3974769885647,0.13,0.1,115000.0,true
638,solar,51.791977611323546,0.13,0.1,115000.0,true
639,solar,70.92912822616253,0.13,0.1,115000.0,true
640,solar,65.59975565525498,0.13,0.1,115000.0,true
641,solar,67.20683010733246,0.13,0.1,115000.0,true
642,solar,57.94224162320544,0.13,0.1,115000.0,true
643,solar,42.12983478151291,0.13,0.1,115000.0,true
644,solar,355.59589441732624,0.13,0.1,115000.0,true
645,solar,146.07784026778359,0.13,0.1,115000.0,true
646,solar,65.6763983187585,0.13,0.1,115000.0,true
647,solar,115.34758477153034,0.13,0.1,115000.0,true
648,solar,140.33018956154382,0.13,0.1,115000.0,true
649,wind,144.16855142833847,0.38,0.3,150000.0,true
650,wind,62.94423220449835,0.38,0.3,150000.0,true
651,wind,38.5116361436815,0.38,0.3,150000.0,true
652,wind,98.89865433318833,0.38,0.3,150000.0,true
653,wind,57.13688896179736,0.38,0.3,150000.0,true
654,wind,66.596968281759,0.38,0.3,150000.0,true
655,wind,36.194834303957755,0.38,0.3,150000.0,true
656,wind,45.59054199687682,0.38,0.3,150000.0,true
657,wind,41.268610312568626,0.38,0.3,150000.0,true
658,wind,31.45049001564883,0.38,0.3,150000.0,true
659,wind,69.3544470198521,0.38,0.3,150000.0,true
660,wind,108.01252038880102,0.38,0.3,150000.0,true
661,wind,60.68894976440196,0.38,0.3,150000.0,true
662,wind,70.3670602200485,0.38,0.3,150000.0,true
663,wind,16.066140760715317,0.38,0.3,150000.0,true
664,wind,69.85355834141325,0.38,0.3,150000.0,true
665,wind,91.42024941954293,0.38,0.3,150000.0,true
666,wind,96.01739812139817,0.38,0.3,150000.0,true
667,wind,54.34820377206924,0.38,0.3,150000.0,true
668,wind,82.36327160700971,0.38,0.3,150000.0,true
669,wind,38.96552138882145,0.38,0.3,150000.0,true
670,wind,25.66321034186482,0.38,0.3,150000.0,true
671,wind,65.3675854361853,0.38,0.3,150000.0,true
672,wind,233.3402182263773,0.38,0.3,150000.0,true
673,wind,66.51433590333735,0.38,0.3,150000.0,true
674,wind,65.4554219648905,0.38,0.3,150000.0,true
675,wind,50.84403125310681,0.38,0.3,150000.0,true
676,wind,82.46660488763278,0.38,0.3,150000.0,true
677,wind,42.21096225671557,0.38,0.3,150000.0,true
678,wind,86.60501372459072,0.38,0.3,150000.0,true
679,wind,43.5416450515252,0.38,0.3,150000.0,true
680,wind,85.86416262873884,0.38,0.3,150000.0,true
681,wind,94.43993438741163,0.38,0.3,150000.0,true
682,wind,68.57634206241072,0.38,0.3,150000.0,true
683,wind,100.28687339812419,0.38,0.3,150000.0,true
684,wind,17.238355947795093,0.38,0.3,150000.0,true
685,wind,22.358629279811662,0.38,0.3,150000.0,true
686,wind,105.39545562573083,0.38,0.3,150000.0,true
687,wind,45.76361947769173,0.38,0.3,150000.0,true
688,wind,72.70013705488175,0.38,0.3,150000.0,true
689,wind,42.01738575837081,0.38,0.3,150000.0,true
690,wind,52.25402037760247,0.38,0.3,150000.0,true
691,wind,66.56798160390652,0.38,0.3,150000.0,true
692,wind,44.76910373653211,0.38,0.3,150000.0,true
693,wind,39.00279943633857,0.38,0.3,150000.0,true
694,wind,97.59309940766245,0.38,0.3,150000.0,true
695,wind,13.068555295965044,0.38,0.3,150000.0,true
696,wind,28.236124282527488,0.38,0.3,150000.0,true
697,wind,174.5088616829557,0.38,0.3,150000.0,true
698,wind,29.004641148590288,0.38,0.3,150000.0,true
699,wind,81.16711546486182,0.38,0.3,150000.0,true
700,wind,30.56867385775394,0.38,0.3,150000.0,true
701,wind,68.88766898812557,0.38,0.3,150000.0,true
702,wind,53.17876732734877,0.38,0.3,150000.0,true
703,wind,37.37368944664935,0.38,0.3,150000.0,true
704,wind,22.14314513123473,0.38,0.3,150000.0,true
705,wind,51.33648813077139,0.38,0.3,150000.0,true
706,wind,425.37989552413427,0.38,0.3,150000.0,true
707,wind,63.22281981233299,0.38,0.3,150000.0,true
708,wind,74.97571149239663,0.38,0.3,150000.0,true
709,wind,132.6126993636531,0.38,0.3,150000.0,true
710,wind,94.79623866569356,0.38,0.3,150000.0,true
711,wind,115.79815308477718,0.38,0.3,150000.0,true
712,wind,38.669968504552465,0.38,0.3,150000.0,true
713,wind,68.01512478005122,0.38,0.3,150000.0,true
714,hybrid,274.0884199033039,0.3,0.2,160000.0,true
715,hybrid,76.96811343328378,0.3,0.2,160000.0,true
716,hybrid,296.8900125522979,0.3,0.2,160000.0,true
717,hybrid,71.37198388220999,0.3,0.2,160000.0,true
718,hybrid,59.10893399020554,0.3,0.2,160000.0,true
719,hybrid,107.50961519423643,0.3,0.2,160000.0,true
720,hybrid,227.1722546783983,0.3,0.2,160000.0,true
721,hybrid,553.3279860006828,0.3,0.2,160000.0,true
722,hybrid,293.4544520399837,0.3,0.2,160000.0,true
723,hybrid,100.37321758332179,0.3,0.2,160000.0,true
724,hybrid,98.36862494616672,0.3,0.2,160000.0,true
725,hybrid,248.8047424717293,0.3,0.2,160000.0,true
726,hybrid,74.21261692191541,0.3,0.2,160000.0,true
727,hybrid,251.45967180198159,0.3,0.2,160000.0,true
728,hybrid,142.87502342104779,0.3,0.2,160000.0,true
729,hybrid,286.41681717231967,0.3,0.2,160000.0,true
730,hybrid,363.5605178766273,0.3,0.2,160000.0,true
731,hybrid,256.40095086113155,0.3,0.2,160000.0,true
732,hybrid,62.874912287056844,0.3,0.2,160000.0,true
733,hybrid,59.72925568621327,0.3,0.2,160000.0,true
734,hybrid,401.8867681719459,0.3,0.2,160000.0,true
735,hybrid,313.65240220852803,0.3,0.2,160000.0,true
736,hybrid,185.3857375237662,0.3,0.2,160000.0,true
737,hybrid,79.88874832907585,0.3,0.2,160000.0,true
738,hybrid,168.79595077551696,0.3,0.2,160000.0,true
739,hybrid,97.10294366063658,0.3,0.2,160000.0,true
740,hybrid,226.63022919142455,0.3,0.2,160000.0,true
741,hybrid,243.16919992649423,0.3,0.2,160000.0,true
742,hybrid,89.96381527086568,0.3,0.2,160000.0,true
743,hybrid,196.25926062574672,0.3,0.2,160000.0,true
744,hybrid,102.00209507786259,0.3,0.2,160000.0,true
745,hybrid,168.92494688830922,0.3,0.2,160000.0,true
746,hybrid,217.91687559092207,0.3,0.2,160000.0,true
747,hybrid,191.1635836676786,0.3,0.2,160000.0,true
748,hybrid,428.7872380631824,0.3,0.2,160000.0,true
749,hybrid,117.98072989781879,0.3,0.2,160000.0,true
750,hybrid,235.201165281673,0.3,0.2,160000.0,true
751,hybrid,228.66813410819685,0.3,0.2,160000.0,true
752,hybrid,36.88647640475035,0.3,0.2,160000.0,true
753,hybrid,147.81402180704282,0.3,0.2,160000.0,true
754,hybrid,440.4393733658069,0.3,0.2,160000.0,true
755,hybrid,136.07829164909163,0.3,0.2,160000.0,true
756,hybrid,165.16560170502953,0.3,0.2,160000.0,true
757,hybrid,307.9469990879044,0.3,0.2,160000.0,true
758,hybrid,67.32128901661736,0.3,0.2,160000.0,true
759,nuclear,249.0189611759481,0.95,0.0,690000.0,false
760,nuclear,646.9246257329977,0.95,0.0,690000.0,false
761,nuclear,295.94213161491894,0.95,0.0,690000.0,false
762,nuclear,1617.0787573234081,0.95,0.0,690000.0,false
763,nuclear,191.31200309024567,0.95,0.0,690000.0,false
764,nuclear,224.221423977824,0.95,0.0,690000.0,false
765,nuclear,1297.6561133811051,0.95,0.0,690000.0,false
766,nuclear,1104.4976880390209,0.95,0.0,690000.0,false
767,nuclear,274.7302744070746,0.95,0.0,690000.0,false
768,nuclear,582.4958128013706,0.95,0.0,690000.0,false
769,nuclear,777.8926327662163,0.95,0.0,690000.0,false
770,nuclear,942.8609081765758,0.95,0.0,690000.0,false
771,nuclear,425.3714344429279,0.95,0.0,690000.0,false
772,nuclear,1141.7118439055564,0.95,0.0,690000.0,false
773,nuclear,292.0070923804582,0.95,0.0,690000.0,false
774,nuclear,1290.7420892354412,0.95,0.0,690000.0,false
775,nuclear,202.97523859127395,0.95,0.0,690000.0,false
776,nuclear,1427.0019206695574,0.95,0.0,690000.0,false
777,nuclear,627.2484441927448,0.95,0.0,690000.0,false
778,nuclear,308.18096388509923,0.95,0.0,690000.0,false
779,nuclear,745.3880848331163,0.95,0.0,690000.0,false
780,nuclear,780.3997389931654,0.95,0.0,690000.0,false
781,nuclear,184.27585920532474,0.95,0.0,690000.0,false
782,nuclear,390.0549828543127,0.95,0.0,690000.0,false
783,nuclear,979.3433161450971,0.95,0.0,690000.0,false
784,nuclear,427.1132618800993,0.95,0.0,690000.0,false
785,nuclear,473.5543962991169,0.95,0.0,690000.0,false
786,hydro,21.6657061619051,0.38,0.0,200000.0,false
787,hydro,11.182576203898732,0.38,0.0,200000.0,false
788,hydro,6.3849669213485365,0.38,0.0,200000.0,false
789,hydro,25.612434835568514,0.38,0.0,200000.0,false
790,hydro,17.161043897966277,0.38,0.0,200000.0,false
791,hydro,10.924856043128559,0.38,0.0,200000.0,false
792,hydro,10.45366039415672,0.38,0.0,200000.0,false
793,hydro,24.224229025996202,0.38,0.0,200000.0,false
794,hydro,4.670278644173785,0.38,0.0,200000.0,false
795,hydro,11.829037065636882,0.38,0.0,200000.0,false
796,hydro,5.891210806220669,0.38,0.0,200000.0,false
797,other,29.58454984012666,0.5,0.0,200000.0,false
798,other,8.166164262753849,0.5,0.0,200000.0,false
799,other,17.497774788118335,0.5,0.0,200000.0,false
800,other,38.48724597943814,0.5,0.0,200000.0,false
801,other,65.96014270985533,0.5,0.0,200000.0,false
802,other,39.35288826672057,0.5,0.0,200000.0,false
803,other,49.10208265399596,0.5,0.0,200000.0,false
804,other,8.294106906513536,0.5,0.0,200000.0,false
805,other,12.313909431529273,0.5,0.0,200000.0,false
806,other,35.59986973935419,0.5,0.0,200000.0,false
807,other,15.843463895429753,0.5,0.0,200000.0,false
808,other,35.75316235907786,0.5,0.0,200000.0,false
809,other,95.05238606059096,0.5,0.0,200000.0,false
810,other,27.09586758947102,0.5,0.0,200000.0,false
811,other,21.896385517024576,0.5,0.0,200000.0,false
